Booking,enviado,fecha
21086563,1,2025-03-17 09:49:35.536013
37758475,1,2025-03-17 09:49:35.536013
93378671,1,2025-03-17 09:49:35.536013
USG0296304,1,2025-03-17 09:49:35.536013
250247354,1,2025-03-17 09:49:35.536013
92875335,1,2025-03-17 09:49:35.536013
90408383,1,2025-03-17 09:49:35.536013
90028928E,1,2025-03-17 09:49:35.536013
33196222,1,2025-03-17 09:49:35.536013
37049253,1,2025-03-17 09:49:35.536013
39693917,1,2025-03-17 09:49:35.536013
31536016,1,2025-03-17 09:49:35.536013
90180664,1,2025-03-17 09:49:35.536013
70032648,1,2025-03-17 09:49:35.536013
LA0400808,1,2025-03-17 09:49:35.536013
248449898,1,2025-03-17 09:49:35.536013
248449394,1,2025-03-17 09:49:35.536013
69986413,1,2025-03-17 09:49:35.536013
BUA0336878,1,2025-03-17 09:49:35.536013
17536915,1,2025-03-17 09:49:35.536013
45406774,1,2025-03-17 09:49:35.536013
28437559,1,2025-03-17 09:49:35.536013
29472184,1,2025-03-17 09:49:35.536013
51582430,1,2025-03-17 09:49:35.536013
14222673,1,2025-03-17 09:49:35.536013
12527362E,1,2025-03-17 09:49:35.536013
249224028,1,2025-03-17 09:49:35.536013
249522080,1,2025-03-17 09:49:35.536013
92788946E,1,2025-03-17 09:49:35.536013
EBKGQ0008A6A,1,2025-03-17 09:49:35.536013
24286067E,1,2025-03-17 09:49:35.536013
22630466,1,2025-03-17 09:49:35.536013
26126616,1,2025-03-17 09:49:35.536013
248453305,1,2025-03-17 09:49:35.536013
249610861,1,2025-03-17 09:49:35.536013
BUE500030500,1,2025-03-17 09:49:35.536013
250677017,1,2025-03-17 09:49:35.536013
29267776,1,2025-03-17 09:49:35.536013
45220485,1,2025-03-17 09:49:35.536013
248690575,1,2025-03-17 09:49:35.536013
BUE500010500,1,2025-03-17 09:49:35.536013
248588448,1,2025-03-17 09:49:35.536013
0011440424 / 11360224 / 114405,1,2025-03-17 09:49:35.536013
BUE500004200,1,2025-03-17 09:49:35.536013
BUE400197000,1,2025-03-17 09:49:35.536013
153IAR0646477,1,2025-03-17 09:49:35.536013
153IAR0647227,1,2025-03-17 09:49:35.536013
BUEF00399700,1,2025-03-17 09:49:35.536013
15859785,1,2025-03-17 09:49:35.536013
EBKG11708793,1,2025-03-17 09:49:35.536013
250434316,1,2025-03-17 09:49:35.536013
EBKG11758643,1,2025-03-17 09:49:35.536013
EBKG11704878,1,2025-03-17 09:49:35.536013
13408274,1,2025-03-17 09:49:35.536013
93665959,1,2025-03-17 09:49:35.536013
12746385,1,2025-03-17 09:49:35.536013
32286209,1,2025-03-17 09:49:35.536013
BUEE16807700,1,2025-03-17 09:49:35.536013
93163349,1,2025-03-17 09:49:35.536013
38557361,1,2025-03-17 09:49:35.536013
23294005,1,2025-03-17 09:49:35.536013
92983743,1,2025-03-17 09:49:35.536013
249643022,1,2025-03-17 09:49:35.536013
249684465,1,2025-03-17 09:49:35.536013
TERRESTRE,1,2025-03-17 09:49:35.536013
30225566,1,2025-03-17 09:49:35.536013
10215814,1,2025-03-17 09:49:35.536013
17939029,1,2025-03-17 09:49:35.536013
11062230,1,2025-03-17 09:49:35.536013
249872750,1,2025-03-17 09:49:35.536013
93067894,1,2025-03-17 09:49:35.536013
249872785,1,2025-03-17 09:49:35.536013
340500006295,1,2025-03-17 09:49:35.536013
COSU6409261560,1,2025-03-17 09:49:35.536013
96626951,1,2025-03-17 09:49:35.536013
247809156,1,2025-03-17 09:49:35.536013
249523704,1,2025-03-17 09:49:35.536013
251137838,1,2025-03-17 09:49:35.536013
250426341,1,2025-03-17 09:49:35.536013
250423333,1,2025-03-17 09:49:35.536013
16387145,1,2025-03-17 09:49:35.536013
90419284,1,2025-03-17 09:49:35.536013
EBKG11785413,1,2025-03-17 09:49:35.536013
SNG0452152,1,2025-03-17 09:49:35.536013
SNG0455625,1,2025-03-17 09:49:35.536013
20429432,1,2025-03-17 09:49:35.536013
47147955,1,2025-03-17 09:49:35.536013
28434848,1,2025-03-17 09:49:35.536013
37079592,1,2025-03-17 09:49:35.536013
EBKG11636973,1,2025-03-17 09:49:35.536013
45347299,1,2025-03-17 09:49:35.536013
30037888,1,2025-03-17 09:49:35.536013
249860796,1,2025-03-17 09:49:35.536013
25001EC01002179G,1,2025-03-17 09:49:35.536013
BUEF01409700,1,2025-03-17 09:49:35.536013
LA0401266,1,2025-03-17 09:49:35.536013
340500000360,1,2025-03-17 09:49:35.536013
EBKG11357988,1,2025-03-17 09:49:35.536013
26131280,1,2025-03-17 09:49:35.536013
EBKG11435113,1,2025-03-17 09:49:35.536013
EBKG11248136,1,2025-03-17 09:49:35.536013
EBKG11917609,1,2025-03-17 09:49:35.536013
EBKG11951839,1,2025-03-17 09:49:35.536013
EBKG11704828,1,2025-03-17 09:49:35.536013
EBKG11773047,1,2025-03-17 09:49:35.536013
340500005761,1,2025-03-17 09:49:35.536013
42711698,1,2025-03-17 09:49:35.536013
EBKG11837731,1,2025-03-17 09:49:35.536013
EBKG11663966,1,2025-03-17 09:49:35.536013
340500005931,1,2025-03-17 09:49:35.536013
EBKG11571997,1,2025-03-17 09:49:35.536013
26603084,1,2025-03-17 09:49:35.536013
EBKG11541989,1,2025-03-17 09:49:35.536013
EBKG11496032,1,2025-03-17 09:49:35.536013
EBKG11883808,1,2025-03-17 09:49:35.536013
EBKG11142724,1,2025-03-17 09:49:35.536013
EBKG11317762,1,2025-03-17 09:49:35.536013
EBKG11801074,1,2025-03-17 09:49:35.536013
EBKG11919723,1,2025-03-17 09:49:35.536013
93818228,1,2025-03-17 09:49:35.536013
EBKG11588139,1,2025-03-17 09:49:35.536013
EBKG11177378,1,2025-03-17 09:49:35.536013
32265652,1,2025-03-17 09:49:35.536013
249175996,1,2025-03-17 09:49:35.536013
EBKG11758508,1,2025-03-17 09:49:35.536013
90175424,1,2025-03-17 09:49:35.536013
62351283,1,2025-03-17 09:49:35.536013
248961228,1,2025-03-17 09:49:35.536013
62665572,1,2025-03-17 09:49:35.536013
90407200,1,2025-03-17 09:49:35.536013
EBKG11786448,1,2025-03-17 09:49:35.536013
EBKG11724532,1,2025-03-17 09:49:35.536013
26952288,1,2025-03-17 09:49:35.536013
EBKG11724454,1,2025-03-17 09:49:35.536013
EBKG11388263,1,2025-03-17 09:49:35.536013
250978213,1,2025-03-17 09:49:35.536013
EBKG11851118,1,2025-03-17 09:49:35.536013
21287765,1,2025-03-17 09:49:35.536013
34093842,1,2025-03-17 09:49:35.536013
340500001332,1,2025-03-17 09:49:35.536013
340500001340,1,2025-03-17 09:49:35.536013
340500001358,1,2025-03-17 09:49:35.536013
EBKG11177429,1,2025-03-17 09:49:35.536013
EBKG11366605,1,2025-03-17 09:49:35.536013
EBKG11247978,1,2025-03-17 09:49:35.536013
EBKG11885208,1,2025-03-17 09:49:35.536013
EBKG12035181,1,2025-03-17 09:49:35.536013
EBKG11709634,1,2025-03-17 09:49:35.536013
EBKG11513926,1,2025-03-17 09:49:35.536013
18134336,1,2025-03-17 09:49:35.536013
26433794,1,2025-03-17 09:49:35.536013
28475176,1,2025-03-17 09:49:35.536013
248789379,1,2025-03-17 09:49:35.536013
248789571,1,2025-03-17 09:49:35.536013
246771299,1,2025-03-17 09:49:35.536013
250675287,1,2025-03-17 09:49:35.536013
250902842,1,2025-03-17 09:49:35.536013
250550073,1,2025-03-17 09:49:35.536013
250675344,1,2025-03-17 09:49:35.536013
250298265,1,2025-03-17 09:49:35.536013
250298303,1,2025-03-17 09:49:35.536013
250298469,1,2025-03-17 09:49:35.536013
250294064,1,2025-03-17 09:49:35.536013
340500007232,1,2025-03-17 09:49:35.536013
249212510,1,2025-03-17 09:49:35.536013
250368468,1,2025-03-17 09:49:35.536013
249068697,1,2025-03-17 09:49:35.536013
249068869,1,2025-03-17 09:49:35.536013
249175249,1,2025-03-17 09:49:35.536013
25926540,1,2025-03-17 09:49:35.536013
249175851,1,2025-03-17 09:49:35.536013
249177113,1,2025-03-17 09:49:35.536013
248058718,1,2025-03-17 09:49:35.536013
249175198,1,2025-03-17 09:49:35.536013
249177100,1,2025-03-17 09:49:35.536013
249177084,1,2025-03-17 09:49:35.536013
249127594,1,2025-03-17 09:49:35.536013
249068268,1,2025-03-17 09:49:35.536013
249068061,1,2025-03-17 09:49:35.536013
249067738,1,2025-03-17 09:49:35.536013
249067433,1,2025-03-17 09:49:35.536013
246771765,1,2025-03-17 09:49:35.536013
249176210,1,2025-03-17 09:49:35.536013
249176383,1,2025-03-17 09:49:35.536013
249071847,1,2025-03-17 09:49:35.536013
BUE500004300,1,2025-03-17 09:49:35.536013
BUE50004300,1,2025-03-17 09:49:35.536013
250075140,1,2025-03-17 09:49:35.536013
BUE500010900,1,2025-03-17 09:49:35.536013
BUEF02067800,1,2025-03-17 09:49:35.536013
BUEF02065600,1,2025-03-17 09:49:35.536013
ZIMUBUE9038568,1,2025-03-17 09:49:35.536013
BUEF02068900,1,2025-03-17 09:49:35.536013
BUEF02066700,1,2025-03-17 09:49:35.536013
250373994,1,2025-03-17 09:49:35.536013
250075548,1,2025-03-17 09:49:35.536013
249329322,1,2025-03-17 09:49:35.536013
BUA0334144,1,2025-03-17 09:49:35.536013
BUA0334152,1,2025-03-17 09:49:35.536013
EBKG11814892E,1,2025-03-17 09:49:35.536013
COSU6410857260,1,2025-03-17 09:49:35.536013
EBKG11965707,1,2025-03-17 09:49:35.536013
EBKG11814932E,1,2025-03-17 09:49:35.536013
EBKG11692650,1,2025-03-17 09:49:35.536013
EBKG11705692,1,2025-03-17 09:49:35.536013
ZIMUBUE9038270,1,2025-03-17 09:49:35.536013
249432323,1,2025-03-17 09:49:35.536013
249377283,1,2025-03-17 09:49:35.536013
249374099,1,2025-03-17 09:49:35.536013
249867284,1,2025-03-17 09:49:35.536013
EBKG11556253,1,2025-03-17 09:49:35.536013
EBKG11556293,1,2025-03-17 09:49:35.536013
EBKG11556312,1,2025-03-17 09:49:35.536013
EBKG11332430,1,2025-03-17 09:49:35.536013
249381600,1,2025-03-17 09:49:35.536013
93402451,1,2025-03-17 09:49:35.536013
EBKG11789696,1,2025-03-17 09:49:35.536013
BUA0334443,1,2025-03-17 09:49:35.536013
EBKG11332605E,1,2025-03-17 09:49:35.536013
248860087,1,2025-03-17 09:49:35.536013
BUE500028500,1,2025-03-17 09:49:35.536013
COSU6409209920,1,2025-03-17 09:49:35.536013
250420888,1,2025-03-17 09:49:35.536013
249860533,1,2025-03-17 09:49:35.536013
249872679,1,2025-03-17 09:49:35.536013
249872003,1,2025-03-17 09:49:35.536013
BUEF01706700,1,2025-03-17 09:49:35.536013
249582789,1,2025-03-17 09:49:35.536013
248951035,1,2025-03-17 09:49:35.536013
EBKG11545228,1,2025-03-17 09:49:35.536013
25001EC01003940D,1,2025-03-17 09:49:35.536013
25001EC01013409E,1,2025-03-17 09:49:35.536013
25001EC01003397J,1,2025-03-17 09:49:35.536013
24001EC01005167G,1,2025-03-17 09:49:35.536013
25001EC01009742J,1,2025-03-17 09:49:35.536013
25001EC01011159E,1,2025-03-17 09:49:35.536013
25001EC01009743K,1,2025-03-17 09:49:35.536013
25001EC01009881N,1,2025-03-17 09:49:35.536013
25001EC01009884Z,1,2025-03-17 09:49:35.536013
EBKG11226629,1,2025-03-17 09:49:35.536013
EBKG11499126,1,2025-03-17 09:49:35.536013
23783227,1,2025-03-17 09:49:35.536013
90148339,1,2025-03-17 09:49:35.536013
25001EC01006056E,1,2025-03-17 09:49:35.536013
EBKG10993206,1,2025-03-17 09:49:35.536013
EBKG11159572,1,2025-03-17 09:49:35.536013
340500002133,1,2025-03-17 09:49:35.536013
340500005574,1,2025-03-17 09:49:35.536013
340500001561,1,2025-03-17 09:49:35.536013
EBKG11694886,1,2025-03-17 09:49:35.536013
EBKG11198471,1,2025-03-17 09:49:35.536013
340500001293,1,2025-03-17 09:49:35.536013
EBKG10993215,1,2025-03-17 09:49:35.536013
340400044985,1,2025-03-17 09:49:35.536013
EBKG10993198,1,2025-03-17 09:49:35.536013
EBKG11080911,1,2025-03-17 09:49:35.536013
EBKG11159503,1,2025-03-17 09:49:35.536013
EBKG10993230,1,2025-03-17 09:49:35.536013
EBKG10993176,1,2025-03-17 09:49:35.536013
93299499,1,2025-03-17 09:49:35.536013
32689464,1,2025-03-17 09:49:35.536013
EBKG11937304,1,2025-03-17 09:49:35.536013
340400050233,1,2025-03-17 09:49:35.536013
250793112,1,2025-03-17 09:49:35.536013
35750603,1,2025-03-17 09:49:35.536013
25001EC01004033U,1,2025-03-17 09:49:35.536013
25001EC01014687N,1,2025-03-17 09:49:35.536013
EBKG11615689,1,2025-03-17 09:49:35.536013
EBKG11679557,1,2025-03-17 09:49:35.536013
340400049324,1,2025-03-17 09:49:35.536013
B946025669,1,2025-03-17 09:49:35.536013
39391022,1,2025-03-17 09:49:35.536013
EBKG11357915,1,2025-03-17 09:49:35.536013
250196485,1,2025-03-17 09:49:35.536013
COSU6407879510,1,2025-03-17 09:49:35.536013
251133133,1,2025-03-17 09:49:35.536013
250671805,1,2025-03-17 09:49:35.536013
EBKG11677995,1,2025-03-17 09:49:35.536013
EBKG11804935,1,2025-03-17 09:49:35.536013
EBKG118049358,1,2025-03-17 09:49:35.536013
50831647,1,2025-03-17 09:49:35.536013
BUA0336504,1,2025-03-17 09:49:35.536013
250904372,1,2025-03-17 09:49:35.536013
COSU6407730150,1,2025-03-17 09:49:35.536013
92847015,1,2025-03-17 09:49:35.536013
249680475,1,2025-03-17 09:49:35.536013
250248515,1,2025-03-17 09:49:35.536013
250248463,1,2025-03-17 09:49:35.536013
250549286,1,2025-03-17 09:49:35.536013
BUA0336985,1,2025-03-17 09:49:35.536013
LA0412121,1,2025-03-17 10:24:07.704049
EBKG12119947,1,2025-03-17 10:24:09.687483
BUA0337478,1,2025-03-17 10:24:13.610768
33038718,1,2025-03-17 13:47:42.857428
EBKG11849086,1,2025-03-18 08:42:15.080355
25807146,1,2025-03-18 10:05:58.354824
78721024,1,2025-03-18 10:06:00.223977
BUE500036400,1,2025-03-18 10:06:02.554025
FX32985467,1,2025-03-18 10:06:04.524692
EBKG11920252,1,2025-03-18 10:06:06.375110
EBKG11984014,1,2025-03-18 10:06:08.973573
249176115,1,2025-03-18 10:06:11.004517
BUE500035100,1,2025-03-18 10:06:13.462623
BUA0337447,1,2025-03-18 10:06:15.455525
EBKG12106571E,1,2025-03-18 10:06:17.342047
EBKG12065709,1,2025-03-18 10:06:19.312498
EBKG12065862,1,2025-03-18 10:06:21.242260
340500010268,1,2025-03-18 10:06:23.280284
250249876,1,2025-03-18 10:06:25.295636
250075603,1,2025-03-18 10:50:34.400499
35393918,1,2025-03-18 10:50:42.381888
EBKG11984008,1,2025-03-18 11:12:53.347558
28080563,1,2025-03-18 12:22:53.043001
251188909,1,2025-03-18 12:57:53.049931
251189103,1,2025-03-18 15:12:52.014315
EBKG12050289,1,2025-03-18 16:22:51.941089
25001EC01015871J,1,2025-03-18 17:32:52.543083
25001PER1000119W,1,2025-03-18 18:27:53.213697
25001PE01000079Z,1,2025-03-18 18:37:52.582841
LM0411486,1,2025-03-18 19:37:56.418853
EC03002811B,1,2025-03-19 10:22:52.955693
46643933,1,2025-03-19 12:57:53.962133
16101230,1,2025-03-19 12:58:02.410780
90181330,1,2025-03-19 13:02:59.881759
EBKG12103349,1,2025-03-19 13:37:53.426361
EC01 016137F,1,2025-03-19 15:07:56.801588
EC01016162D,1,2025-03-19 15:47:53.092916
EBKG12139370,1,2025-03-19 17:03:53.396546
EC01015856M,1,2025-03-20 10:27:53.575360
250902863,1,2025-03-20 14:37:54.569606
BUEF03075800,1,2025-03-20 17:37:52.137281
MCORIV027489,1,2025-03-20 17:42:51.304785
29420817,1,2025-03-20 17:47:51.553389
EBKG12192712,1,2025-03-20 17:47:57.104689
COSU6412277490,1,2025-03-20 17:57:50.844777
251315943,1,2025-03-20 18:12:51.476543
250299290,1,2025-03-20 18:17:51.536018
36525629,1,2025-03-20 18:27:51.043949
25001EC01017158J,1,2025-03-21 11:52:51.133056
36523629,1,2025-03-21 12:47:51.373907
25164078,1,2025-03-21 14:57:52.484288
250299105,1,2025-03-21 15:03:15.091605
32550672,1,2025-03-21 15:27:50.843374
EC01017079L,1,2025-03-21 17:52:51.447811
ZIMUBUE9038570,1,2025-03-25 15:17:50.326758
250297402,1,2025-03-25 15:22:51.323125
EBKG12211318,1,2025-03-25 15:22:56.906954
251530190,1,2025-03-25 18:07:50.798702
EBKG12238220,1,2025-03-25 19:02:50.626968
EBKG12207260,1,2025-03-25 19:07:51.254527
251463992,1,2025-03-26 09:32:51.081525
251309894,1,2025-03-27 11:22:50.560777
EBKG12242037,1,2025-03-31 09:47:52.941514
37362433,1,2025-03-31 10:47:51.987250
340500010748,1,2025-03-31 12:12:52.652817
251643429,1,2025-03-31 12:52:51.473304
LOTE 2821,1,2025-03-31 15:57:52.228925
13070642,1,2025-04-01 09:22:51.303883
252124574,1,2025-04-01 10:42:54.210634
ZIMUBUE9039098,1,2025-04-01 11:42:51.190056
SNG0460773,1,2025-04-01 11:47:52.841550
25001EC01 018930X,1,2025-04-01 13:42:53.039356
25001EC01019436K,1,2025-04-01 16:42:53.582338
BUEF03593600,1,2025-04-03 09:02:52.828017
29613891,1,2025-04-03 19:32:52.357191
25001EC01019336J,1,2025-04-07 10:22:51.034175
21431758,1,2025-04-07 10:47:51.955516
EBKG12295115,1,2025-04-07 11:17:52.895886
68401481,1,2025-04-07 11:57:51.781679
32046549,1,2025-04-07 14:07:55.679817
COSU6413736000,1,2025-04-07 14:27:50.877534
COSU6413164570,1,2025-04-07 14:27:56.666198
30873828,1,2025-04-07 18:57:52.069957
EBKG11916027,1,2025-04-08 10:22:51.086926
251417032,1,2025-04-08 11:07:52.036320
251417093,1,2025-04-08 11:07:57.983330
252188591,1,2025-04-08 12:12:51.581526
25001EC01021141T,1,2025-04-08 15:07:52.322956
251252901,1,2025-04-08 15:32:51.047298
251417045,1,2025-04-08 16:22:51.098354
251417131,1,2025-04-08 16:27:51.945723
EBKG12327680,1,2025-04-08 16:47:51.734896
EBKG12280306,1,2025-04-08 17:22:50.799341
EBKG12309973,1,2025-04-08 17:32:51.933924
COSU6414229600,1,2025-04-08 19:32:51.990508
25001EC03003374G,1,2025-04-09 09:47:52.353012
25001EC03003520W,1,2025-04-09 10:32:50.963785
EBKG12227414,1,2025-04-09 12:12:51.740517
252321715,1,2025-04-09 14:07:51.866897
22630410,1,2025-04-09 14:57:52.312577
EBKG12309962,1,2025-04-09 16:57:52.396480
26932360,1,2025-04-09 17:17:52.381507
65326465,1,2025-04-09 18:17:51.672589
EBKG12227372,1,2025-04-09 18:37:51.326306
25AR152251C,1,2025-04-11 11:22:58.651007
LA0416090,1,2025-04-11 12:52:52.419043
252289430,1,2025-04-11 12:52:58.555214
24805945,1,2025-04-11 12:57:51.388507
251689949,1,2025-04-11 12:57:58.052323
32089014,1,2025-04-11 13:02:53.262744
252289101,1,2025-04-11 14:02:54.226406
35392411,1,2025-04-11 14:47:51.355954
251462321,1,2025-04-11 16:02:51.878021
RIV027955,1,2025-04-11 17:27:52.903387
NACIONAL,1,2025-04-14 13:02:51.949646
33728804,1,2025-04-14 13:17:51.818458
18722142,1,2025-04-14 13:22:52.050554
252410669,1,2025-04-14 13:22:58.619842
19861520,1,2025-04-14 13:23:04.294244
EBKG12460425,1,2025-04-14 13:27:50.740471
ZIMUBUE9039285,1,2025-04-14 13:32:50.860077
30036413,1,2025-04-14 15:02:53.860335
251744442,1,2025-04-14 15:12:52.039498
252410592,1,2025-04-15 22:17:51.447908
25146813,1,2025-04-15 22:22:51.291020
EBKG12427290,1,2025-04-15 22:27:53.246957
EBKG12413855,1,2025-04-16 21:02:50.477991
EBKG12458812,1,2025-04-16 21:02:56.634299
251130577,1,2025-04-16 21:07:50.969756
251416813,1,2025-04-16 21:17:51.523130
BUE500042800,1,2025-04-16 23:57:52.008619
12074753,1,2025-04-17 10:47:52.346616
BUE500062800,1,2025-04-21 10:52:53.279603
BUE500067600,1,2025-04-21 10:57:51.703408
BUE500064900,1,2025-04-21 11:02:53.124982
EBKG12397032,1,2025-04-21 11:07:50.836547
251529791,1,2025-04-21 11:12:52.052675
36039671,1,2025-04-21 11:12:57.776380
BUE500062900,1,2025-04-21 11:27:52.751205
251416737,1,2025-04-21 11:42:51.996376
252629812,1,2025-04-21 11:42:57.628579
251696231,1,2025-04-21 15:57:52.190177
251416640,1,2025-04-21 15:57:58.502646
252573532,1,2025-04-21 16:02:50.791887
340500013984,1,2025-04-21 16:07:52.482681
54765480,1,2025-04-22 13:37:52.196469
25001EC01023843H,1,2025-04-22 15:12:50.779857
25001EC01020766X,1,2025-04-22 15:17:50.724117
EBKG12492246,1,2025-04-23 09:47:50.276288
25001EC01024657L,1,2025-04-23 14:12:50.562714
EBKG12462375,1,2025-04-24 08:22:51.015957
252130101,1,2025-04-24 08:37:51.244875
90484908,1,2025-04-24 09:57:50.793929
252407354,1,2025-04-24 10:07:51.925527
92898716,1,2025-04-24 10:12:52.647362
24001EC03004055D,1,2025-04-24 10:27:50.901540
24001EC03004054C,1,2025-04-24 10:27:56.490649
24001EC03004056E,1,2025-04-24 10:28:02.029157
28096856,1,2025-04-24 12:52:50.341311
16555848,1,2025-04-24 12:57:50.733404
252632346,1,2025-04-24 13:02:50.665095
25430369,1,2025-04-24 13:07:51.691153
25001PE01000143X,1,2025-04-24 15:42:50.711768
252759712,1,2025-04-25 13:12:50.547000
BUA0338850,1,2025-04-25 13:17:50.983922
252815035,1,2025-04-25 13:17:56.894651
26653261,1,2025-04-25 13:22:50.351009
252816450,1,2025-04-25 13:27:50.776008
BUEF04759400,1,2025-04-25 16:22:50.956099
25001EC01025080C,1,2025-04-25 16:47:50.346500
18108092,1,2025-04-25 17:02:49.983317
253129873,1,2025-04-28 14:57:52.120513
253017272,1,2025-04-28 15:52:50.110932
26161407,1,2025-04-28 15:52:55.594834
253072741,1,2025-04-28 16:12:50.737633
EBKG12563718,1,2025-04-28 16:47:50.848691
253072779,1,2025-04-28 16:47:56.291924
COSU6416209020,1,2025-04-28 17:47:50.359288
EBKG12612597,1,2025-04-28 18:07:50.038798
EBKG12462351,1,2025-04-29 11:12:50.353260
EBKG12458399,1,2025-04-29 15:17:50.718468
EBKG12139411,1,2025-04-29 17:17:50.582634
EBKG12476356,1,2025-04-30 09:12:50.925692
153IAR0648445,1,2025-04-30 10:32:51.119113
COSU6416338940,1,2025-04-30 16:47:51.295794
21608145,1,2025-05-05 15:52:49.809718
253131040,1,2025-05-05 18:37:50.241270
253061571,1,2025-05-05 18:37:56.393559
EBKG12630439,1,2025-05-05 18:42:50.820760
253430248,1,2025-05-05 18:47:50.493566
253326683,1,2025-05-06 12:57:51.756541
253269607,1,2025-05-06 13:02:51.534693
62443730,1,2025-05-06 13:02:57.081412
252699699,1,2025-05-06 13:07:51.896303
253269707,1,2025-05-06 13:07:57.904483
COSU6415960010,1,2025-05-06 13:12:50.361398
EBKG12524654,1,2025-05-06 13:12:57.362426
25001EC01027022A,1,2025-05-06 14:37:51.311594
17197832,1,2025-05-06 15:52:59.174123
253384357,1,2025-05-06 16:02:51.239849
253379263,1,2025-05-06 16:02:57.307994
34879358,1,2025-05-06 16:12:51.391833
EBKG12679726,1,2025-05-08 14:32:51.654809
EBKG12630452,1,2025-05-08 14:32:58.060879
EBKG12662876,1,2025-05-08 14:33:04.422635
253188679,1,2025-05-08 14:52:51.286682
92694101,1,2025-05-08 15:07:53.764638
153IAR0648596,1,2025-05-08 15:12:52.135332
ZIMUBUE9039804,1,2025-05-08 17:22:50.887835
EBKG12664282,1,2025-05-08 17:32:53.624546
253330229,1,2025-05-08 17:47:51.505437
25001EC01028253H,1,2025-05-09 14:32:55.759460
20462888,1,2025-05-12 09:02:52.873376
92929178,1,2025-05-13 11:57:53.028384
26298477,1,2025-05-13 11:57:59.854999
93596944,1,2025-05-13 12:02:53.070635
15294587,1,2025-05-13 12:03:01.024290
EBKG12745765,1,2025-05-13 12:03:08.890306
EBKG12563741,1,2025-05-13 12:17:53.676495
EBKG12729795,1,2025-05-14 11:37:52.087185
340500016959,1,2025-05-14 12:52:55.987364
22155069,1,2025-05-14 13:02:54.191699
93256265,1,2025-05-14 13:07:52.515975
251417374,1,2025-05-14 13:07:58.994275
252817161,1,2025-05-14 13:12:50.647510
BUE500069800,1,2025-05-14 13:17:51.835168
ZIMUBUE90400032,1,2025-05-14 13:22:50.937906
25001EC01029105E,1,2025-05-14 14:12:51.831799
253132017,1,2025-05-14 15:22:51.092030
COSU6417657460,1,2025-05-14 15:27:51.179438
25001EC01029141E,1,2025-05-14 15:57:53.168276
340500016461,1,2025-05-14 16:22:52.324660
RIV 028401,1,2025-05-14 16:27:52.429705
38060645,1,2025-05-14 17:32:59.965104
25001EC01026986S,1,2025-05-15 10:37:52.458495
BUA0340166,1,2025-05-15 13:17:52.586276
BUA034165,1,2025-05-15 13:22:51.459378
EBKG12761996,1,2025-05-15 13:37:53.114078
253488963,1,2025-05-15 14:02:51.967756
25001PE01000156M,1,2025-05-15 16:17:51.975856
EBKG12743841E,1,2025-05-15 18:42:51.769939
EBKG12664544E,1,2025-05-15 18:43:00.122882
25001EC01029661L,1,2025-05-16 09:47:52.216052
EBKG12564960,1,2025-05-16 19:32:51.501910
253618252,1,2025-05-19 13:27:52.816813
SNG0465606,1,2025-05-19 14:07:54.280609
253605922,1,2025-05-20 08:07:52.970122
253993179,1,2025-05-20 12:17:51.512595
253076747,1,2025-05-20 15:32:50.771388
21442454,1,2025-05-20 15:37:52.264751
253487565,1,2025-05-20 18:12:54.860507
MCORIV028580,1,2025-05-20 18:42:50.878471
25001EC03005101T,1,2025-05-21 09:57:53.462676
EBKG12820164,1,2025-05-21 12:23:01.815784
93099613,1,2025-05-21 13:22:50.748215
35724365,1,2025-05-21 17:02:50.760720
25001EC01031285G,1,2025-05-21 17:17:53.268788
EBKG12817259,1,2025-05-21 17:37:52.346982
EBKG12816099,1,2025-05-21 17:42:51.387083
EBKG12816070,1,2025-05-21 18:02:52.414126
BUEF04934600,1,2025-05-21 18:27:51.521554
75399876,1,2025-05-22 08:52:51.494149
33045975,1,2025-05-22 09:27:51.640681
25001EC01031284F,1,2025-05-22 10:22:51.119416
253436048,1,2025-05-22 11:37:52.463906
BUE500083400,1,2025-05-23 15:07:52.507607
EBKG12917443,1,2025-05-26 11:07:52.551543
25001EC01032317D,1,2025-05-26 14:17:52.130889
253613375,1,2025-05-26 14:37:51.786036
253551048,1,2025-05-26 14:37:57.757474
253550660,1,2025-05-26 14:42:51.043309
253551644,1,2025-05-26 14:42:58.084995
253550275,1,2025-05-26 14:43:03.968596
COSU6419343070,1,2025-05-26 15:57:51.401212
EBKG12917252,1,2025-05-26 16:42:51.345775
EBKG12934944,1,2025-05-27 08:32:52.593179
BUA0342213,1,2025-05-27 10:07:51.655403
254129409,1,2025-05-27 10:47:53.403264
BUA0341908,1,2025-05-27 11:37:52.459388
93674190,1,2025-05-27 12:22:51.012635
22136841,1,2025-05-27 12:27:51.870909
153IAR0648785,1,2025-05-27 15:02:51.761038
253484984,1,2025-05-27 16:42:50.543432
340500018952,1,2025-05-27 17:02:50.442048
25001PER1000211P,1,2025-05-27 18:22:51.799313
25001PE01000188R,1,2025-05-27 18:27:51.779831
26779023,1,2025-05-28 13:38:28.493469
EBKG12937679,1,2025-05-28 14:42:51.877972
25001EC01033074E,1,2025-05-28 15:42:52.201995
93954793,1,2025-05-28 17:42:53.934192
340500019613,1,2025-05-28 18:17:54.657601
254372274,1,2025-05-29 09:47:53.896812
340500019427,1,2025-05-29 10:57:54.904311
254054086,1,2025-05-29 11:22:52.924317
BUA0341744,1,2025-05-29 12:32:53.589069
EBKG12996784,1,2025-05-29 15:22:50.372301
EBKG12970968,1,2025-05-29 17:57:55.869185
254372376,1,2025-05-30 08:27:54.560777
254372252,1,2025-05-30 09:12:52.065632
EBKG12731397,1,2025-05-30 11:57:59.549051
254436571,1,2025-05-30 12:47:57.593144
254494321,1,2025-06-02 09:07:59.298955
10054948,1,2025-06-02 09:52:55.561198
EBKG12899876,1,2025-06-02 10:02:57.361236
254254288,1,2025-06-02 12:03:11.039598
253932326,1,2025-06-02 12:07:59.883353
253934352,1,2025-06-02 12:38:01.898792
25001EC01034370E,1,2025-06-02 14:52:55.685317
25001EC01034007B,1,2025-06-02 14:57:59.333855
254651581,1,2025-06-03 08:37:59.420780
26766325,1,2025-06-03 08:47:59.606585
BUA0342770,1,2025-06-03 09:18:00.337780
253436147,1,2025-06-03 10:47:58.552677
254362164,1,2025-06-03 15:48:00.926396
254658832,1,2025-06-03 17:18:00.463919
254310061,1,2025-06-03 17:52:57.940002
254184165,1,2025-06-03 17:53:10.252894
22103759,1,2025-06-04 10:48:00.224095
254651199,1,2025-06-04 12:12:58.462542
253811924,1,2025-06-04 14:42:55.522585
253131960,1,2025-06-04 14:43:07.634250
SNG0466592,1,2025-06-04 14:43:19.903267
EBKG12954134,1,2025-06-04 17:23:14.355464
EBKG12954134,1,2025-06-04 17:23:42.819796
BUEF06582700,1,2025-06-04 17:28:03.648704
25001EC01034042A,1,2025-06-05 10:08:04.599161
J25001PE01000186P,1,2025-06-05 10:13:00.746491
25105820,1,2025-06-05 13:53:19.784222
25105820,1,2025-06-05 13:53:56.829944
25105820,1,2025-06-05 13:54:34.206419
EBKG12954059,1,2025-06-05 13:58:23.689372
EBKG12954059,1,2025-06-05 13:59:03.496228
EBKG12954059,1,2025-06-05 13:59:42.807476
33049430,1,2025-06-05 14:03:10.051548
33049430,1,2025-06-05 14:03:34.542825
38367075,1,2025-06-05 14:08:04.444989
BUE500096400,1,2025-06-05 14:41:08.150571
25001EC01026947P,1,2025-06-05 14:56:09.909542
254605636,1,2025-06-05 15:01:19.022227
340500019257,1,2025-06-05 15:01:48.894813
254706937,1,2025-06-06 08:36:34.059588
EBKG13143598,1,2025-06-18 17:39:04.840238
EBKG13204005,1,2025-06-18 17:41:09.009280
MCORIV029086,1,2025-06-18 17:41:31.507107
EBKG13221474,1,2025-06-19 11:41:10.101226
EBKG13191019,1,2025-06-19 13:26:08.667993
254973157,1,2025-06-19 14:31:17.183027
254130833,1,2025-06-19 14:41:10.167438
EBKG13139303,1,2025-06-19 16:21:09.381455
EBKG13221282,1,2025-06-19 17:16:07.079203
EBKG13221559,1,2025-06-19 18:31:06.762854
25001PE01000213G,1,2025-06-23 08:46:07.716312
25001EC01037451H,1,2025-06-23 10:06:07.483534
254873959,1,2025-06-23 15:06:03.402986
14420019,1,2025-06-24 10:36:05.864438
EBKG13080070,1,2025-06-24 12:16:01.438831
LA0430038,1,2025-06-24 12:16:26.471692
SNG0469131,1,2025-06-24 14:06:04.033248
25001EC01039733M,1,2025-06-24 16:06:03.049546
255312124,1,2025-06-24 17:21:06.783288
COSU6421827870,1,2025-06-24 17:36:08.120453
EBKG13204042,1,2025-06-24 18:46:03.035411
9327925471,1,2025-06-24 18:56:02.193287
25001EC03006392J,1,2025-06-25 09:06:05.148068
COSU6421214450,1,2025-06-25 09:56:04.980385
255568532,1,2025-06-25 10:36:05.345106
COSU6421827850,1,2025-06-25 11:16:04.736299
255319646,1,2025-06-25 12:36:03.823259
340500020140,1,2025-06-25 14:06:06.185793
EBKG13190366,1,2025-06-25 15:36:10.213683
254973413,1,2025-06-26 10:36:03.159552
EBKG13130443,1,2025-06-26 11:26:03.391918
340500023009,1,2025-06-26 14:26:05.213049
16096009,1,2025-06-26 17:16:04.717224
25001EC01040300R,1,2025-06-26 17:56:02.718545
254973255,1,2025-06-27 09:46:08.489471
EBKG13192555,1,2025-06-27 10:16:08.278053
EBKG13359360,1,2025-06-27 11:26:04.909958
28286431,1,2025-06-27 14:46:04.444404
153IAR0649741,1,2025-06-30 13:36:05.689429
ZIMUBUE9041156,1,2025-06-30 13:46:02.998827
255372708,1,2025-06-30 15:56:05.785904
ZIMUBUE9041533,1,2025-07-01 11:26:03.861873
255630746,1,2025-07-01 18:26:14.608516
EBKG13325394,1,2025-07-01 18:26:39.294983
24161635,1,2025-07-01 18:31:08.325020
BUE500109300,1,2025-07-01 18:31:34.314024
255083138,1,2025-07-01 18:36:03.431817
BUE500115400,1,2025-07-02 11:56:03.435688
65443977,1,2025-07-02 13:06:19.752341
31357023,1,2025-07-02 13:16:16.040227
255316738,1,2025-07-02 13:26:05.831128
33719070,1,2025-07-02 13:26:24.232498
255822877,1,2025-07-02 14:26:03.440616
25001EC01042021T,1,2025-07-02 15:31:09.222767
EBKG13159398,1,2025-07-02 18:46:05.526940
20304596,1,2025-07-03 10:31:05.402810
255082153,1,2025-07-03 14:06:03.120176
255310523,1,2025-07-03 14:16:15.201178
29963404,1,2025-07-03 15:26:06.267202
27799953,1,2025-07-03 15:36:04.531094
21259607,1,2025-07-03 17:26:03.299277
13871295,1,2025-07-04 14:16:05.981673
EBKG13363857,1,2025-07-04 18:16:02.625385
255312036,1,2025-07-04 19:06:07.716556
255317569,1,2025-07-07 10:16:08.231819
255814500,1,2025-07-07 10:26:05.697852
EBKG13411142,1,2025-07-07 11:56:06.728947
COSU6423149250,1,2025-07-07 12:16:07.776454
255365721,1,2025-07-07 12:36:09.572632
25001EC01041044A,1,2025-07-07 15:06:05.946950
340500024455,1,2025-07-07 17:26:07.176152
COSU6423149260,1,2025-07-07 17:36:05.448978
B946026075,1,2025-07-07 17:56:17.456818
256515650,1,2025-07-08 11:46:07.280639
255303020,1,2025-07-08 14:56:05.297562
25001EC01043189M,1,2025-07-08 15:36:04.854507
B946026044,1,2025-07-10 11:26:03.710531
256095159,1,2025-07-10 11:46:03.380649
EBKG13459247,1,2025-07-10 13:36:07.606118
340500023432,1,2025-07-10 16:26:03.005465
255316838,1,2025-07-10 16:36:03.602798
ZIMUBUE9041763,1,2025-07-11 10:56:00.759811
EBKG13411161,1,2025-07-11 12:16:04.883799
255317203,1,2025-07-11 12:26:03.150842
31857457,1,2025-07-11 14:36:02.190487
255691935,1,2025-07-11 15:36:04.667141
256588632,1,2025-07-11 15:46:02.845914
25001EC01044645K,1,2025-07-11 15:56:11.599403
25001EC01044648N,1,2025-07-11 17:16:05.206224
25001EC01044840H,1,2025-07-11 17:16:24.427111
BUA0345932,1,2025-07-11 17:56:16.270116
256092887,1,2025-07-14 11:26:02.240277
20488774,1,2025-07-14 11:36:05.785191
240500025117,1,2025-07-14 11:46:03.114876
31368689,1,2025-07-14 11:46:22.676303
256515583,1,2025-07-14 14:26:01.539483
255626058,1,2025-07-14 15:26:01.147845
34202462,1,2025-07-14 16:26:01.802643
256447645,1,2025-07-14 16:36:26.848677
256093292,1,2025-07-14 16:56:05.529133
256516151,1,2025-07-14 17:26:02.269469
EBKGQ000F0F7,1,2025-07-14 18:26:04.508000
255766293,1,2025-07-14 18:56:06.791415
256653277,1,2025-07-15 12:16:05.276797
255808171,1,2025-07-15 13:56:03.603071
25001EC03007244G,1,2025-07-16 09:36:02.415566
25001EC03007249L,1,2025-07-16 09:36:23.599481
25001EC03007269N,1,2025-07-16 09:36:44.933419
48738223,1,2025-07-16 10:16:07.024562
256602627,1,2025-07-16 11:26:05.436096
37094305,1,2025-07-16 12:06:05.408716
BUA0345849,1,2025-07-16 14:56:05.937336
25001EC01044241C,1,2025-07-17 09:01:07.252279
VACIO NACIONAL,1,2025-07-17 10:16:04.865005
BUA0344543,1,2025-07-17 10:46:02.627344
EBKG13533627,1,2025-07-17 11:56:05.515386
EBKG13408378,1,2025-07-17 14:56:05.785058
92937581,1,2025-07-17 17:46:06.135391
BUEA71335300,1,2025-07-18 09:36:05.216495
BUE500123300,1,2025-07-18 10:26:10.696641
BUE00123300,1,2025-07-18 10:36:07.467256
EBKG13507369E,1,2025-07-18 10:56:07.799436
256522179,1,2025-07-18 11:16:30.638832
256662045,1,2025-07-18 12:16:18.231783
256661789,1,2025-07-18 15:46:06.277039
ZIMUBUE9041800,1,2025-07-21 10:16:09.125417
EBKG13458801,1,2025-07-21 12:06:10.249357
255366255,1,2025-07-21 14:46:23.637663
ZIMUBUE9041802,1,2025-07-21 15:46:03.233148
256662122,1,2025-07-21 16:36:06.843304
EBKG13440708,1,2025-07-21 17:46:06.819779
256662089,1,2025-07-22 11:56:04.394926
31722449,1,2025-07-22 12:16:03.415615
35330092,1,2025-07-22 13:56:03.102001
340500025592,1,2025-07-22 14:46:05.699744
EBKG13028145,1,2025-07-22 14:56:03.596522
93347198,1,2025-07-22 16:06:05.123096
BUEF08879400,1,2025-07-22 17:06:04.504432
255691525,1,2025-07-22 17:46:03.189497
23782252,1,2025-07-23 10:16:03.471210
BUE500126200,1,2025-07-23 10:21:05.321665
30711984,1,2025-07-23 10:56:02.040242
EBKG13486945,1,2025-07-23 11:16:02.216402
256913112,1,2025-07-23 12:26:02.475966
25001EC01047690N,1,2025-07-23 15:46:02.081960
15433336,1,2025-07-24 09:56:03.701203
257038073,1,2025-07-24 10:16:04.182445
24092988,1,2025-07-24 10:26:03.669982
ZIMUBUE9042073,1,2025-07-24 11:06:05.015971
36729582,1,2025-07-24 11:16:03.014803
EBKG13537771,1,2025-07-24 15:36:05.301400
EBKG13568772,1,2025-07-24 17:06:02.916643
CNTR NAC,1,2025-07-25 09:16:03.569007
BUA0346754,1,2025-07-25 11:36:05.071442
BUA0345917,1,2025-07-25 11:56:06.343169
EBKG13626654,1,2025-07-28 09:46:04.059181
BUE500126300,1,2025-07-28 10:16:07.400056
15759393,1,2025-07-28 13:56:05.192775
256505802,1,2025-07-28 15:26:04.019534
28492228,1,2025-07-28 17:26:06.105241
EBKG13615822,1,2025-07-28 17:56:05.171463
21766678,1,2025-07-29 09:36:07.053793
257276807,1,2025-07-29 11:56:05.114792
BUEF09165700,1,2025-07-29 11:56:26.996608
45137792,1,2025-07-29 12:06:02.561024
13767750,1,2025-07-29 14:16:03.696356
90243386,1,2025-07-29 14:16:24.022466
24812960,1,2025-07-29 15:16:03.697784
EBKG13738564,1,2025-07-29 16:36:02.293081
40165993,1,2025-07-29 17:16:04.201757
257276770,1,2025-07-29 17:36:03.894887
SNG0472824,1,2025-07-30 08:36:07.915874
10102201,1,2025-07-30 16:16:03.219863
25001EC01049606M,1,2025-07-30 16:26:04.422743
93319271,1,2025-07-31 14:56:01.366582
340500026199,1,2025-07-31 16:46:01.750425
EBKG13739044,1,2025-08-01 10:06:07.588415
10538335,1,2025-08-01 13:46:03.470904
257273973,1,2025-08-01 13:46:24.168131
25001EC01049990S,1,2025-08-01 15:21:03.403049
25001EC01050170A,1,2025-08-01 15:21:24.665042
EBKG13649038,1,2025-08-01 17:41:02.907754
340500027063,1,2025-08-04 09:26:05.635930
MCORIV030104,1,2025-08-04 09:36:04.871691
257145251,1,2025-08-04 10:21:07.539800
340500025516,1,2025-08-04 10:56:09.798850
ZIMUBUE9042238,1,2025-08-04 11:21:05.978766
EBKG13649051,1,2025-08-04 12:56:10.656212
BUA0347053,1,2025-08-04 13:06:07.800526
EBKG13753917,1,2025-08-04 14:41:17.142451
256917972,1,2025-08-04 14:46:09.055507
257145363,1,2025-08-04 15:11:06.515197
EBKG13615657,1,2025-08-04 15:56:07.607288
42851642,1,2025-08-04 16:46:09.158493
12087612,1,2025-08-05 10:31:11.110030
12087612,1,2025-08-05 10:36:09.458880
12087612,1,2025-08-05 10:41:07.520809
12087612,1,2025-08-05 10:46:08.824281
12087612,1,2025-08-05 10:51:09.473872
12087612,1,2025-08-05 10:56:08.266057
12087612,1,2025-08-05 11:01:16.972457
12087612,1,2025-08-05 11:06:11.037676
257038583,1,2025-08-05 11:06:36.754767
12087612,1,2025-08-05 11:11:10.731600
257038583,1,2025-08-05 11:11:37.716831
12087612,1,2025-08-05 11:16:10.224691
257038583,1,2025-08-05 11:16:38.784131
35860152,1,2025-08-05 11:17:07.252724
12087612,1,2025-08-05 11:21:09.789569
257038583,1,2025-08-05 11:21:34.418696
12087612,1,2025-08-05 11:26:05.415433
257038583,1,2025-08-05 11:26:33.229505
35860152,1,2025-08-05 11:26:53.954368
92718501,1,2025-08-05 11:27:15.772948
12087612,1,2025-08-05 11:31:08.159249
257038583,1,2025-08-05 11:31:32.094421
35860152,1,2025-08-05 11:31:58.266785
92718501,1,2025-08-05 11:32:21.689023
12087612,1,2025-08-05 11:36:09.063571
257038583,1,2025-08-05 11:36:32.264021
12087612,1,2025-08-05 11:41:10.365627
257038583,1,2025-08-05 11:41:37.484503
35860152,1,2025-08-05 11:41:59.766011
53687156,1,2025-08-05 11:42:24.375837
92718501,1,2025-08-05 11:42:44.985270
12087612,1,2025-08-05 11:46:05.167062
14068859,1,2025-08-05 11:46:26.900551
257038583,1,2025-08-05 11:46:49.432460
35860152,1,2025-08-05 11:47:12.823006
53687156,1,2025-08-05 11:47:32.511236
92718501,1,2025-08-05 11:47:55.542791
12087612,1,2025-08-05 11:51:05.301892
14068859,1,2025-08-05 11:51:30.014191
12087612,1,2025-08-05 11:56:10.409682
14068859,1,2025-08-05 11:56:33.645982
257038583,1,2025-08-05 11:56:57.552661
35860152,1,2025-08-05 11:57:22.896668
53687156,1,2025-08-05 11:57:44.272143
92718501,1,2025-08-05 11:58:05.730048
12087612,1,2025-08-05 12:01:14.251862
14068859,1,2025-08-05 12:01:54.058835
257038583,1,2025-08-05 12:02:29.481523
35860152,1,2025-08-05 12:03:10.479635
53687156,1,2025-08-05 12:03:44.591216
92718501,1,2025-08-05 12:04:15.013773
12087612,1,2025-08-05 12:06:09.515310
14068859,1,2025-08-05 12:06:40.085154
257038583,1,2025-08-05 12:07:00.647777
BUA0347495,1,2025-08-05 12:11:08.481910
255767853,1,2025-08-05 13:01:13.777078
340500026016,1,2025-08-05 15:51:05.685497
25001EC03008183J,1,2025-08-06 09:16:03.813541
25001EC03008196N,1,2025-08-06 09:16:24.178597
257353731,1,2025-08-06 13:26:03.823430
256972320,1,2025-08-06 14:51:05.466097
257285675,1,2025-08-06 15:51:04.534260
93627701,1,2025-08-06 16:01:07.152768
257285781,1,2025-08-06 16:31:03.120250
38748167,1,2025-08-06 16:46:03.781664
73880728,1,2025-08-06 17:41:07.024157
25001EC01051142A,1,2025-08-06 17:46:05.464398
25001EC01050878P,1,2025-08-07 09:31:07.894852
6426461330,1,2025-08-07 09:31:29.611457
EBKG13696134,1,2025-08-07 11:46:32.096856
EBKG13740539,1,2025-08-07 12:31:07.450899
EBKG13727492,1,2025-08-07 12:36:05.469021
90366439,1,2025-08-07 15:46:04.584248
25001EC01051237F,1,2025-08-08 09:16:05.067987
340500027772,1,2025-08-08 11:06:07.700010
BUA0347369,1,2025-08-08 12:21:05.641977
17087615,1,2025-08-08 13:51:05.441921
EBKG13756305,1,2025-08-11 13:21:05.234560
93745598,1,2025-08-11 13:26:15.142783
EBKG13857101,1,2025-08-11 13:31:15.600336
256833670,1,2025-08-11 13:36:13.496979
32375613,1,2025-08-11 13:41:14.538087
EBKG13741638,1,2025-08-11 15:46:13.703643
29292925,1,2025-08-11 17:16:17.534326
EBKGQ0010C9F,1,2025-08-11 17:26:15.198739
EBKG13830123,1,2025-08-11 18:06:14.451008
25001PE01000259Z,1,2025-08-11 18:21:13.454427
35398373,1,2025-08-12 10:31:07.395585
BUEF09538400,1,2025-08-12 12:16:06.408463
44540284,1,2025-08-12 12:26:06.256229
93528334,1,2025-08-12 12:26:32.886738
COSU6425125310,1,2025-08-12 12:26:55.099501
19098761,1,2025-08-12 12:36:05.134670
257353680,1,2025-08-12 12:36:25.882836
19870113,1,2025-08-12 14:11:06.267821
20945369,1,2025-08-12 14:11:28.598720
13892092,1,2025-08-12 14:21:07.048425
BUA0347791,1,2025-08-12 14:36:06.177979
ZIMUBUE9042328,1,2025-08-12 15:16:05.830680
257214831,1,2025-08-12 16:21:06.519281
90570522,1,2025-08-12 16:41:05.523285
25001EC03008482L,1,2025-08-13 10:41:04.795135
25001EC03008483M,1,2025-08-13 10:41:31.992598
56768889,1,2025-08-13 12:16:06.207497
EBKG13814971,1,2025-08-13 12:31:06.639555
257691498,1,2025-08-13 12:41:09.951697
78952605,1,2025-08-13 12:41:39.020600
257349960,1,2025-08-14 10:51:06.487850
EBKG32941228,1,2025-08-14 15:21:03.992145
EBKG13615673,1,2025-08-14 15:31:04.309701
257691656,1,2025-08-14 18:41:03.415707
EBKG13860179,1,2025-08-14 18:46:03.870755
257290426,1,2025-08-18 10:16:05.730350
25001PE01000281L,1,2025-08-18 10:31:05.270666
50659386,1,2025-08-18 11:11:35.477361
ZIMUBUE9042572,1,2025-08-18 13:36:04.485546
25001EC01052710C,1,2025-08-18 15:01:03.497793
EBKG13857270,1,2025-08-18 15:56:03.635051
29771473,1,2025-08-19 11:51:04.382731
39033870,1,2025-08-19 14:31:04.888111
257635177,1,2025-08-19 15:36:03.281384
COSU6427505430,1,2025-08-19 18:36:05.042208
21984624,1,2025-08-20 08:36:03.323636
23475304,1,2025-08-20 09:16:04.919380
ZIMUBUE9042762,1,2025-08-20 10:06:02.412230
MCORIV030538,1,2025-08-20 17:11:04.042876
257750953,1,2025-08-21 09:16:03.541930
35566959,1,2025-08-21 13:06:04.913801
EBKG13920207,1,2025-08-21 16:36:05.773949
BUE500141500,1,2025-08-22 09:01:05.264898
EBKG13905503,1,2025-08-22 09:21:02.573947
BUE500141600,1,2025-08-22 09:46:02.762038
EBKG13905315,1,2025-08-22 14:01:03.275685
15391139,1,2025-08-22 17:21:02.097036
LA0443436,1,2025-08-25 11:31:07.866168
ZIMUBUE9042951,1,2025-08-25 11:41:06.497859
90341233,1,2025-08-25 13:46:06.044911
EBKG13946201,1,2025-08-25 14:56:06.934917
25001EC01055642J,1,2025-08-25 16:01:07.837239
24595442,1,2025-08-25 16:36:13.053579
258260734,1,2025-08-25 17:16:09.487557
BUA0348257,1,2025-08-25 18:11:10.074869
33391005,1,2025-08-26 09:16:05.272600
75729048,1,2025-08-26 09:46:03.173721
32695685,1,2025-08-26 10:21:10.196293
258465156,1,2025-08-26 10:26:05.588894
ZIMUBUE9042980,1,2025-08-26 10:26:26.713499
BUA0348951,1,2025-08-26 11:11:07.472564
BUA0348827,1,2025-08-26 12:41:05.377176
COSU6427868490,1,2025-08-26 13:46:03.600097
25001EC01055684P,1,2025-08-26 17:21:05.485327
BUE500142700,1,2025-08-26 18:36:05.247520
EBKG13876536,1,2025-08-27 08:51:04.882057
BUE500151900,1,2025-08-27 09:51:04.177430
26926574,1,2025-08-27 10:56:06.613371
54835559,1,2025-08-27 11:01:04.758569
257138016,1,2025-08-27 11:16:05.006582
17052557,1,2025-08-27 14:51:03.065824
153IAR0651665,1,2025-08-27 15:51:03.171621
57775695,1,2025-08-28 10:01:05.479102
257275060,1,2025-08-28 11:26:05.681166
BUA0349052,1,2025-08-28 12:16:05.773609
BUA0349068,1,2025-08-28 15:11:07.207760
257138418,1,2025-08-28 17:26:05.450261
ZIMUBUE0943132,1,2025-08-29 09:01:07.745854
BUE500148100,1,2025-08-29 14:41:02.308394
BUE500145800,1,2025-08-29 15:56:03.834478
BUE500145700,1,2025-08-29 16:21:02.738678
258310013,1,2025-09-01 10:41:03.210713
258534207,1,2025-09-01 10:46:04.049648
17053740,1,2025-09-01 11:26:04.274864
257343891,1,2025-09-01 14:16:03.201957
258473309,1,2025-09-01 16:46:03.870950
258776239,1,2025-09-02 09:16:03.663793
82112000,1,2025-09-02 10:41:03.027140
BUEF10236500E,1,2025-09-02 12:16:06.645674
BUEF10239800,1,2025-09-02 16:41:04.757110
EBKG13841976,1,2025-09-02 18:51:07.949618
25001EC01057624L,1,2025-09-03 09:01:09.384638
25001EC03009349Y,1,2025-09-03 09:31:06.259145
25001EC03009351H,1,2025-09-03 09:31:28.621723
13662045,1,2025-09-03 11:21:09.024820
34759445,1,2025-09-03 12:36:08.224805
20959636,1,2025-09-03 17:06:05.911726
ZIMUBUE9043286,1,2025-09-03 17:11:06.747454
33064021,1,2025-09-03 17:21:06.211541
258534129,1,2025-09-04 16:26:09.238132
66331772,1,2025-09-05 09:26:03.682113
19086151,1,2025-09-05 10:01:09.261423
27610711,1,2025-09-05 15:01:06.571099
EBKG14005814,1,2025-09-05 15:06:05.294091
61995137,1,2025-09-08 09:41:06.394732
34199313,1,2025-09-08 10:51:04.535850
EBKG13709692,1,2025-09-08 12:26:06.671004
17053204,1,2025-09-08 12:31:06.945499
31734501,1,2025-09-08 12:46:04.124433
153IAR0651167,1,2025-09-08 14:06:07.248650
BUA0350014,1,2025-09-08 18:51:07.858184
258781862,1,2025-09-08 19:01:06.711376
BUEF10287400,1,2025-09-09 11:31:04.630713
37536771,1,2025-09-09 12:11:04.780802
259009511,1,2025-09-09 15:06:04.834034
258260897,1,2025-09-09 15:46:07.332678
BUA0349119,1,2025-09-10 09:31:08.489678
25001EC03009621H,1,2025-09-10 09:46:04.815905
25001EC03009659S,1,2025-09-10 09:46:26.347386
340500034965,1,2025-09-10 10:51:07.089577
MCORIV030926,1,2025-09-10 11:41:06.281894
25001EC01059897C,1,2025-09-10 11:46:07.119892
EBKG14103888,1,2025-09-11 08:31:07.459746
EBKG14049385,1,2025-09-11 11:01:10.025244
BUA0350295,1,2025-09-11 11:11:06.967505
26453128,1,2025-09-11 16:26:05.315258
BUA0349854,1,2025-09-11 18:11:04.492265
42424015,1,2025-09-12 14:01:07.181641
58930454,1,2025-09-12 14:06:05.853537
BUA0349947,1,2025-09-12 14:11:05.619795
75526877,1,2025-09-12 14:16:05.769214
BUE500161000,1,2025-09-15 09:36:06.208875
25001PE01000350X,1,2025-09-15 11:26:04.253157
EBKGQ00122A5,1,2025-09-15 14:01:06.491899
340500034982,1,2025-09-15 14:36:04.031647
USG0314947,1,2025-09-15 15:11:04.293657
258472294,1,2025-09-15 15:16:03.913067
EBKG14145517,1,2025-09-15 15:46:03.874882
EBKG13977029,1,2025-09-15 15:51:04.986329
32311349,1,2025-09-16 09:21:05.059475
90503487,1,2025-09-16 09:31:10.852451
340500034817,1,2025-09-16 11:56:05.529620
EBKG14203837,1,2025-09-16 12:11:04.549483
258894129,1,2025-09-16 12:21:04.149959
BUA0349516,1,2025-09-16 16:26:02.473574
29071661,1,2025-09-16 16:36:02.901424
258250569,1,2025-09-16 16:41:03.922432
153IAR0651887,1,2025-09-16 16:46:03.569269
LA0448041,1,2025-09-16 17:31:03.778372
BUEF11039700,1,2025-09-17 11:26:05.033926
BUA0350794,1,2025-09-17 14:36:05.113451
BUEF11054400,1,2025-09-17 14:36:27.960708
25001EC01061675M,1,2025-09-17 17:31:05.371231
20616402,1,2025-09-17 18:36:04.101872
257214500,1,2025-09-18 14:31:04.856130
BUEF11036400,1,2025-09-18 14:46:04.868504
64179524,1,2025-09-18 16:36:04.318457
259288341,1,2025-09-18 16:41:04.864744
32204078,1,2025-09-18 16:46:03.555304
259288369,1,2025-09-18 16:51:02.455981
340500034736,1,2025-09-18 16:56:04.538421
ZIMUBUE9043390,1,2025-09-19 08:51:05.467096
COSU6430427900,1,2025-09-19 08:56:07.159718
340500034558,1,2025-09-19 16:01:03.537626
90271038,1,2025-09-19 16:06:03.652677
13858874,1,2025-09-19 16:11:02.897923
BUEF11038600,1,2025-09-22 09:01:12.479517
258940403,1,2025-09-22 11:16:06.925784
258647923,1,2025-09-22 13:41:12.264303
12523053,1,2025-09-22 16:36:05.089209
COSU6430265970,1,2025-09-22 16:46:04.900865
EBKG14245274,1,2025-09-22 17:56:04.007254
EBKG14261806,1,2025-09-23 10:16:03.880903
EBKG14203854,1,2025-09-23 11:16:05.270896
93197163,1,2025-09-23 11:21:05.623791
340500035112,1,2025-09-23 11:31:05.859994
EBKG14130002,1,2025-09-23 11:51:04.354187
153IAR0652268,1,2025-09-23 11:56:04.545038
259005302,1,2025-09-23 12:01:09.565621
33889957,1,2025-09-24 10:21:03.360819
EBKG14261781,1,2025-09-24 12:21:03.112342
EBKG14264133,1,2025-09-24 15:26:06.461189
10387648,1,2025-09-24 15:46:07.171789
29756636,1,2025-09-24 17:06:04.464076
153IAR0651850,1,2025-09-24 17:11:03.426955
340500037743,1,2025-09-24 17:11:22.699355
259560878,1,2025-09-24 17:16:03.147434
48140095,1,2025-09-25 14:46:33.476960
259444694,1,2025-09-25 16:41:36.849212
ZIMUBUE9043483,1,2025-09-26 09:06:31.735219
EBKG14203751,1,2025-09-26 12:31:29.195883
12888856,1,2025-09-26 14:46:20.600632
23301907,1,2025-09-26 15:01:25.705753
EBKG14323877,1,2025-09-29 10:11:22.371108
BUA0350782,1,2025-09-29 11:01:25.814021
48125240,1,2025-09-30 11:16:22.784875
BUA0351211,1,2025-09-30 12:26:21.207722
ZIMUBUE9043768,1,2025-09-30 12:27:04.207626
BUA0351514,1,2025-09-30 15:01:22.840942
ZIMUBUE9043944,1,2025-09-30 15:06:22.285595
EBKG0013790,1,2025-09-30 16:16:19.161671
258593432,1,2025-10-01 09:31:22.062998
259657556,1,2025-10-01 10:11:20.428635
ZIMUBUE9043780,1,2025-10-01 10:12:10.037211
340500038995,1,2025-10-02 09:41:23.155348
18434285,1,2025-10-02 16:16:23.151744
260121555,1,2025-10-02 16:17:10.534144
EBKG14395697,1,2025-10-02 17:06:26.958941
259498791,1,2025-10-02 17:51:25.278089
EBKG14411415,1,2025-10-03 10:56:24.211707
BUEF11484400,1,2025-10-03 11:06:29.868815
259874017,1,2025-10-03 11:11:32.857920
259833210,1,2025-10-03 12:06:38.042892
260174171,1,2025-10-03 13:56:22.948535
153IAR0652579,1,2025-10-03 14:21:22.858101
COSU6431031370,1,2025-10-06 09:06:24.912344
57319039,1,2025-10-06 10:06:24.429175
EBKG14203706,1,2025-10-06 11:16:20.067019
70051159,1,2025-10-06 11:21:24.657047
ZIMUBUE9044030,1,2025-10-06 14:26:21.977947
259173844,1,2025-10-06 15:56:20.930493
COSU6430266930,1,2025-10-06 16:01:24.735847
EBKG14203786,1,2025-10-07 10:16:24.723037
260316179,1,2025-10-07 10:26:22.249957
340500038502,1,2025-10-07 11:16:23.701264
EBKG14423721,1,2025-10-07 14:46:21.347886
BUA0351791,1,2025-10-07 17:26:25.642504
259614937,1,2025-10-08 10:26:22.285062
LA0452728,1,2025-10-08 11:06:27.162127
EBKG14449072,1,2025-10-08 11:51:23.512257
260330701,1,2025-10-08 16:26:21.417230
BUA0351168,1,2025-10-08 17:51:23.033154
340500040213,1,2025-10-09 17:51:23.660006
340500041202,1,2025-10-09 17:52:04.299634
ZIMUBUE9044084,1,2025-10-13 09:21:25.100817
BUA0352508,1,2025-10-13 09:26:27.281470
ZIMUBUE9044079,1,2025-10-13 09:27:09.277574
ZIMUBUE9043877,1,2025-10-13 10:36:35.057985
260330725,1,2025-10-13 10:56:25.323959
EBKG14423606,1,2025-10-13 11:11:31.578355
COSU6431725820,1,2025-10-13 15:36:24.513919
259760381,1,2025-10-13 17:36:23.185517
BUEA96905200,1,2025-10-13 18:31:23.676019
ZIMUBUE9044129,1,2025-10-14 09:11:26.978306
ZIMUBUE9044221,1,2025-10-14 09:16:26.368233
259496488,1,2025-10-14 14:16:23.749175
259832181,1,2025-10-14 14:21:28.984490
25001EC01068374P,1,2025-10-14 17:41:24.344532
260361275,1,2025-10-15 11:11:30.738562
EBKG14423612,1,2025-10-15 11:36:27.503652
25001EC01068349R,1,2025-10-15 14:31:33.225544
260465513,1,2025-10-15 15:06:41.072357
340500041538,1,2025-10-15 15:26:27.537004
EBKG14522556,1,2025-10-16 14:11:24.538332
EBKG14333906,1,2025-10-16 14:31:29.057973
15725122,1,2025-10-16 14:36:27.901536
19429500,1,2025-10-16 17:46:22.837481
96536692,1,2025-10-17 12:51:25.345859
EBKG14423084,1,2025-10-17 12:52:09.084875
EBKG14536752,1,2025-10-17 17:26:28.088397
ZIMUBUE9044216,1,2025-10-20 09:06:27.489426
11886333,1,2025-10-20 15:11:25.012286
BUA0352755,1,2025-10-20 15:31:23.509125
340500036852,1,2025-10-20 15:41:25.207757
BUA0353261,1,2025-10-20 15:42:07.039300
340500041121,1,2025-10-20 15:46:23.550801
68719902,1,2025-10-21 10:56:22.274090
EBKG14305566,1,2025-10-21 11:11:24.567978
EBKGQ0014D1F,1,2025-10-21 15:06:41.429087
20424133,1,2025-10-21 18:56:24.218356
EBKGQ0014BFF,1,2025-10-22 11:01:30.315494
BUEF11997600,1,2025-10-22 11:06:29.510320
25001EC01070950X,1,2025-10-22 15:11:24.066793
51158627,1,2025-10-22 17:36:26.106402
260688151,1,2025-10-23 16:01:30.043276
EBKG14487166,1,2025-10-23 16:02:16.387899
11418090,1,2025-10-23 17:01:29.556840
EBKG14420085,1,2025-10-23 17:06:29.362985
261017685,1,2025-10-24 09:01:26.962828
BUE500194300,1,2025-10-24 09:11:25.315063
17065374,1,2025-10-24 10:51:30.512349
340500042305,1,2025-10-24 14:06:28.693907
COSU6432621210,1,2025-10-24 14:07:13.419488
ZIMUBUE9044254,1,2025-10-27 10:46:28.598930
11538072,1,2025-10-27 16:51:30.012617
30737255,1,2025-10-27 17:36:28.797539
153IAR0652999,1,2025-10-28 10:16:28.069667
340500044383,1,2025-10-28 11:46:25.184243
12071088,1,2025-10-28 15:11:28.463871
260842512,1,2025-10-28 15:16:25.549906
25001EC03011618G,1,2025-10-29 09:46:29.361021
25001EC03011622B,1,2025-10-29 09:47:15.982946
BUA0353156,1,2025-10-29 16:36:30.940008
BUE500200100,1,2025-10-29 16:46:30.146992
BUE500196900,1,2025-10-29 16:56:29.721660
BUE500197000,1,2025-10-29 17:56:27.768860
EBKG14646524,1,2025-10-30 12:16:26.389576
38535442,1,2025-10-30 12:36:29.354045
93260005,1,2025-10-30 14:06:28.402425
260621163,1,2025-10-30 19:11:27.030416
93245223,1,2025-10-31 16:51:30.666055
90644776,1,2025-11-03 16:26:25.403147
BUE500198900,1,2025-11-03 16:41:28.542860
COSU6434342550,1,2025-11-03 17:36:26.994968
EBKG14630569,1,2025-11-03 18:21:28.592425
21952925,1,2025-11-03 19:21:27.714595
EBKG14634030,1,2025-11-04 15:36:30.406333
260029950,1,2025-11-04 15:51:31.237620
56754433,1,2025-11-04 17:41:24.411046
BUE500196800,1,2025-11-05 11:01:32.992507
28478939,1,2025-11-05 11:06:30.376829
40954148,1,2025-11-05 11:07:28.133197
BUA0353203,1,2025-11-05 11:16:27.407273
EBKG14724426,1,2025-11-05 18:06:27.148013
29271999,1,2025-11-05 18:16:25.791616
EBKG14752501,1,2025-11-07 10:16:31.480428
261130324,1,2025-11-07 17:06:32.011256
BUE500197400,1,2025-11-10 09:21:33.563503
ZIMUBUE9044185,1,2025-11-10 10:56:29.561799
34199316,1,2025-11-10 12:21:38.365642
29796699,1,2025-11-10 17:36:40.328376
EBKG14601567,1,2025-11-10 18:06:27.591879
71939850,1,2025-11-11 14:46:31.120958
30844634,1,2025-11-11 16:36:31.555204
BUEF13243600,1,2025-11-11 16:41:27.838294
25001EC01075458Z,1,2025-11-11 18:06:30.993752
BUA0355066,1,2025-11-11 18:36:30.394875
BUEF13140900,1,2025-11-12 16:06:45.370354
25813261,1,2025-11-13 14:21:30.843909
261211047,1,2025-11-13 14:31:42.179204
EBKG14843116,1,2025-11-13 21:01:28.216752
261065459,1,2025-11-14 10:01:32.158788
93834259,1,2025-11-14 14:06:35.690993
14066084,1,2025-11-14 16:46:27.305406
COSU6435427330,1,2025-11-17 09:56:28.988683
21587034,1,2025-11-17 10:06:42.920116
22463591,1,2025-11-17 10:11:28.922063
EBKG14875622,1,2025-11-17 10:26:26.396992
261770865,1,2025-11-17 10:31:35.288556
COSU6434780510,1,2025-11-17 15:41:25.700854
BUA0355568,1,2025-11-17 15:46:28.953319
BUA0355499,1,2025-11-17 15:51:31.775362
261550783,1,2025-11-17 16:11:26.012019
BUA0355336,1,2025-11-17 16:12:09.302030
28877772,1,2025-11-18 13:51:31.507338
28877772,1,2025-11-18 13:56:28.070547
28877772,1,2025-11-18 14:01:35.359375
28877772,1,2025-11-18 14:06:35.590394
28877772,1,2025-11-18 14:11:31.569588
28877772,1,2025-11-18 14:16:27.714720
28877772,1,2025-11-18 14:21:33.204424
28877772,1,2025-11-18 14:26:27.939216
28877772,1,2025-11-18 14:31:36.895466
28877772,1,2025-11-18 14:36:29.863586
28877772,1,2025-11-18 14:41:28.435131
28877772,1,2025-11-18 14:46:24.742696
28877772,1,2025-11-18 14:51:28.483195
28877772,1,2025-11-18 14:56:34.830912
28877772,1,2025-11-18 15:01:33.544418
28877772,1,2025-11-18 15:06:38.798312
28877772,1,2025-11-18 15:11:27.060146
28877772,1,2025-11-18 15:16:29.447261
25001EC03012671G,1,2025-11-19 09:36:30.636809
COSU6436515410,1,2025-11-19 15:16:33.983052
BUE500214300,1,2025-11-19 18:46:28.339587
34428667,1,2025-11-20 15:16:27.143155
EBKG14828800,1,2025-11-20 15:26:27.651165
EBKG14813532,1,2025-11-20 15:31:34.761658
BUA0355317,1,2025-11-20 18:21:32.543160
BUE500217100,1,2025-11-21 13:31:34.046996
ZIMUBUE9045482,1,2025-11-25 11:21:31.495521
28856508,1,2025-11-25 12:26:27.908939
262101951,1,2025-11-25 15:26:26.568033
ZIMUBUE9045396,1,2025-11-25 18:46:26.757693
BUE500219600,1,2025-11-26 10:21:33.064419
13085481,1,2025-11-26 13:46:27.254892
EBKG14909942,1,2025-11-26 13:47:11.880298
15490815,1,2025-11-26 13:56:28.090041
262208797,1,2025-11-26 14:01:35.280017
EBKG14910023,1,2025-11-26 14:06:32.155069
261920622,1,2025-11-26 15:26:25.651095
29838241,1,2025-11-26 16:01:30.408279
94536178,1,2025-11-26 16:16:28.758000
340500045738,1,2025-11-26 17:16:30.312189
BUA0356174,1,2025-11-26 19:26:26.371732
261925605,1,2025-11-27 11:16:24.604303
EBKG14936280,1,2025-11-27 12:31:33.463987
262257925,1,2025-11-27 13:46:28.555911
262257859,1,2025-11-27 13:56:28.954517
EBKG15005198,1,2025-11-27 15:52:35.511570
340500049857,1,2025-11-27 16:01:35.937077
COSU6434651280,1,2025-11-27 18:11:31.802727
36568158,1,2025-11-28 10:21:39.391083
25001ET01000144N,1,2025-11-28 11:31:29.861188
34773963,1,2025-11-28 13:42:47.197477
262144199,1,2025-11-28 13:56:29.176792
EBKG15006254,1,2025-11-28 14:32:42.377719
340500050502,1,2025-11-28 16:01:35.369126
BUA0355667,1,2025-11-28 16:06:44.866623
EBKGQ0016890,1,2025-12-01 16:05:20.553386
EBKG15002646,1,2025-12-01 17:09:48.515374
EBKG15021066,1,2025-12-01 17:25:17.333427
BUA0356530,1,2025-12-01 18:43:41.213427
COSU6436515500,1,2025-12-01 18:48:53.958550
262198547,1,2025-12-01 18:53:18.508383
153IAR0653429,1,2025-12-01 18:56:27.280763
BUA0355441,1,2025-12-04 15:36:33.958860
BUEF13612600,1,2025-12-04 17:52:13.022892
39031419,1,2025-12-04 19:21:30.608260
ZIMUBUE9045828,1,2025-12-09 15:02:12.597614
BUA0356545,1,2025-12-09 17:47:13.044854
22308302,1,2025-12-09 18:41:29.668939
26628219,1,2025-12-09 19:37:08.426274
28985448,1,2025-12-09 20:37:06.808909
26628219,1,2025-12-10 00:06:42.201396
26628219,1,2025-12-10 00:11:45.921875
26628219,1,2025-12-10 00:16:27.983157
26628219,1,2025-12-10 00:21:36.379585
26628219,1,2025-12-10 00:26:29.912499
26628219,1,2025-12-10 00:31:34.011621
26628219,1,2025-12-10 00:36:33.329474
26628219,1,2025-12-10 00:41:30.998116
26628219,1,2025-12-10 00:46:28.291323
26628219,1,2025-12-10 00:51:31.971250
26628219,1,2025-12-10 00:56:31.304857
26628219,1,2025-12-10 01:01:41.656176
26628219,1,2025-12-10 02:11:42.130075
26628219,1,2025-12-10 02:17:07.380528
26628219,1,2025-12-10 02:22:04.984786
26628219,1,2025-12-10 02:26:41.544820
26628219,1,2025-12-10 02:31:40.635111
26628219,1,2025-12-10 02:36:47.253913
26628219,1,2025-12-10 02:41:28.847930
26628219,1,2025-12-10 02:46:29.290426
26628219,1,2025-12-10 02:51:35.905135
26628219,1,2025-12-10 02:57:21.647268
26628219,1,2025-12-10 03:01:38.074816
26628219,1,2025-12-10 03:06:55.405116
26628219,1,2025-12-10 03:11:38.578160
26628219,1,2025-12-10 03:16:38.784458
26628219,1,2025-12-10 03:21:46.719740
26628219,1,2025-12-10 03:26:46.010517
26628219,1,2025-12-10 03:31:57.231971
26628219,1,2025-12-10 03:36:43.303623
26628219,1,2025-12-10 03:42:17.125831
26628219,1,2025-12-10 04:13:42.287355
26628219,1,2025-12-10 04:16:34.059173
26628219,1,2025-12-10 04:21:52.109502
26628219,1,2025-12-10 04:26:46.183580
26628219,1,2025-12-10 04:31:43.545817
26628219,1,2025-12-10 04:36:41.823460
26628219,1,2025-12-10 04:41:47.960289
26628219,1,2025-12-10 04:46:52.895828
26628219,1,2025-12-10 04:51:55.645511
26628219,1,2025-12-10 04:56:44.235258
26628219,1,2025-12-10 05:01:54.567827
26628219,1,2025-12-10 05:06:55.499608
26628219,1,2025-12-10 05:12:28.645601
26628219,1,2025-12-10 05:17:42.340785
26628219,1,2025-12-10 05:21:41.476674
26628219,1,2025-12-10 05:26:45.387866
26628219,1,2025-12-10 05:31:41.967329
26628219,1,2025-12-10 05:36:54.862752
26628219,1,2025-12-10 05:41:37.656995
26628219,1,2025-12-10 05:53:48.031161
26628219,1,2025-12-10 06:10:25.713715
26628219,1,2025-12-10 06:11:53.684761
26628219,1,2025-12-10 06:16:37.777968
26628219,1,2025-12-10 06:23:13.789087
26628219,1,2025-12-10 06:26:39.621202
26628219,1,2025-12-10 06:31:58.909030
26628219,1,2025-12-10 06:37:20.210529
26628219,1,2025-12-10 06:41:50.533938
26628219,1,2025-12-10 06:48:29.912902
26628219,1,2025-12-10 06:51:51.003825
26628219,1,2025-12-10 06:56:41.962557
26628219,1,2025-12-10 07:02:54.595662
26628219,1,2025-12-10 07:06:53.060432
26628219,1,2025-12-10 07:11:31.958072
26628219,1,2025-12-10 07:16:29.580864
26628219,1,2025-12-10 07:21:40.766096
26628219,1,2025-12-10 07:26:30.373002
26628219,1,2025-12-10 07:31:35.740816
26628219,1,2025-12-10 07:36:29.717847
26628219,1,2025-12-10 07:41:33.361519
26628219,1,2025-12-10 07:46:34.783728
26628219,1,2025-12-10 07:51:39.876786
26628219,1,2025-12-10 07:56:29.500723
26628219,1,2025-12-10 08:01:33.514189
26628219,1,2025-12-10 08:06:35.677749
26628219,1,2025-12-10 08:11:30.469622
26628219,1,2025-12-10 08:16:30.815676
26628219,1,2025-12-10 08:21:31.565074
26628219,1,2025-12-10 08:26:28.728630
26628219,1,2025-12-10 08:31:33.486043
26628219,1,2025-12-10 08:36:38.344328
26628219,1,2025-12-10 08:41:30.328311
26628219,1,2025-12-10 08:46:29.019816
26628219,1,2025-12-10 08:51:34.713680
26628219,1,2025-12-10 08:56:31.068971
26628219,1,2025-12-10 09:01:35.397399
26628219,1,2025-12-10 09:06:35.178134
26628219,1,2025-12-10 09:11:33.460564
26628219,1,2025-12-10 09:16:28.565503
26628219,1,2025-12-10 09:21:35.596100
26628219,1,2025-12-10 09:26:36.233248
26628219,1,2025-12-10 09:31:32.536763
26628219,1,2025-12-10 09:36:33.900251
26628219,1,2025-12-10 09:41:30.449742
33567211,1,2025-12-10 18:34:54.223845
30526774,1,2025-12-10 18:38:57.454730
24324113,1,2025-12-10 18:47:33.951900
15109793,1,2025-12-10 18:52:19.737305
262838687,1,2025-12-10 18:57:03.035629
262728223,1,2025-12-10 19:12:03.518895
13588186,1,2025-12-10 20:51:31.036191
21818643,1,2025-12-11 18:21:31.072079
ZIMUBUE9045458,1,2025-12-11 18:41:28.655692
BUE500225000,1,2025-12-11 21:01:34.764716
EBKG14899796,1,2025-12-12 18:36:31.288563
263001535,1,2025-12-12 19:01:33.643256
EBKG15066032,1,2025-12-12 19:02:28.200192
261603328,1,2025-12-15 11:26:35.845727
261603328,1,2025-12-15 11:31:36.857791
65328412,1,2025-12-15 11:32:32.109298
261603328,1,2025-12-15 11:36:34.257910
65328412,1,2025-12-15 11:37:26.316611
261603328,1,2025-12-15 11:41:32.087196
65328412,1,2025-12-15 11:42:27.569290
261603328,1,2025-12-15 11:46:31.847180
65328412,1,2025-12-15 11:47:30.374776
261603328,1,2025-12-15 11:51:31.468695
65328412,1,2025-12-15 11:52:31.957211
261603328,1,2025-12-15 11:56:30.099704
65328412,1,2025-12-15 11:57:36.962051
261603328,1,2025-12-15 12:01:54.638519
65328412,1,2025-12-15 12:02:55.477156
261603328,1,2025-12-15 12:06:42.464373
65328412,1,2025-12-15 12:07:43.748332
261603328,1,2025-12-15 12:11:33.425329
65328412,1,2025-12-15 12:12:40.278315
261603328,1,2025-12-15 12:16:42.044390
65328412,1,2025-12-15 12:17:33.496384
261603328,1,2025-12-15 12:21:36.797776
65328412,1,2025-12-15 12:22:34.222259
261603328,1,2025-12-15 12:26:29.007873
65328412,1,2025-12-15 12:27:17.303486
261603328,1,2025-12-15 12:31:37.941468
65328412,1,2025-12-15 12:32:37.387788
261603328,1,2025-12-15 12:36:30.038098
65328412,1,2025-12-15 12:37:21.724841
261603328,1,2025-12-15 12:41:30.078185
65328412,1,2025-12-15 12:42:16.600571
261603328,1,2025-12-15 12:46:31.551722
65328412,1,2025-12-15 12:47:21.548682
261603328,1,2025-12-15 12:51:32.329528
65328412,1,2025-12-15 12:52:26.654478
261603328,1,2025-12-15 12:56:34.223427
65328412,1,2025-12-15 12:57:24.099593
261603328,1,2025-12-15 13:01:43.284967
65328412,1,2025-12-15 13:02:49.431291
261603328,1,2025-12-15 13:06:31.310661
65328412,1,2025-12-15 13:07:22.187117
261603328,1,2025-12-15 13:11:29.175093
65328412,1,2025-12-15 13:12:19.987357
261603328,1,2025-12-15 13:16:29.090416
65328412,1,2025-12-15 13:17:15.681305
261603328,1,2025-12-15 13:21:32.346824
65328412,1,2025-12-15 13:22:27.830518
261603328,1,2025-12-15 13:26:28.238775
65328412,1,2025-12-15 13:27:15.433156
261603328,1,2025-12-15 13:31:42.455144
65328412,1,2025-12-15 13:32:42.359272
261603328,1,2025-12-15 13:36:31.780879
65328412,1,2025-12-15 13:37:31.403398
261603328,1,2025-12-15 13:41:29.738520
65328412,1,2025-12-15 13:42:23.388650
261603328,1,2025-12-15 13:46:33.938367
65328412,1,2025-12-15 13:47:22.657022
261603328,1,2025-12-15 13:51:32.903849
65328412,1,2025-12-15 13:52:33.187356
261603328,1,2025-12-15 13:56:28.397151
65328412,1,2025-12-15 13:57:24.783381
261603328,1,2025-12-15 14:01:34.222653
65328412,1,2025-12-15 14:02:30.995425
262951690,1,2025-12-15 16:16:27.357749
ZIMUBUE9046022,1,2025-12-15 17:26:26.287145
340500052441,1,2025-12-15 20:36:28.715227
262626588,1,2025-12-15 20:41:30.991264
263052543,1,2025-12-16 11:31:33.306288
263001070,1,2025-12-16 12:01:39.322268
23291701,1,2025-12-16 13:46:23.194140
ZIMUBUE9045625,1,2025-12-16 14:26:24.827003
52141061,1,2025-12-16 14:46:26.591475
262790573,1,2025-12-16 17:26:24.756004
BUA0355666,1,2025-12-16 18:06:28.328652
ZIMUBUE9046132,1,2025-12-16 18:07:14.695220
263165783,1,2025-12-17 11:41:29.251341
17225872,1,2025-12-18 12:16:28.240561
261969570,1,2025-12-18 16:41:27.984138
BUA0357167,1,2025-12-18 19:16:30.141218
BUE500245500,1,2025-12-18 20:21:33.125701
ZIMUBUE9045659,1,2025-12-19 09:46:29.208733
33247364,1,2025-12-19 16:06:32.997003
EBKG14924878,1,2025-12-19 18:36:31.496209
262400224,1,2025-12-22 16:46:26.119347
263338639,1,2025-12-22 17:26:26.616252
34583017,1,2025-12-23 08:41:34.811377
34583017,1,2025-12-23 08:46:31.654455
340500052424,1,2025-12-23 08:51:41.639437
34583017,1,2025-12-23 08:52:44.167724
340500052424,1,2025-12-23 08:56:40.791495
34583017,1,2025-12-23 08:57:33.755794
340500052424,1,2025-12-23 09:01:32.574976
34583017,1,2025-12-23 09:02:20.642350
340500052424,1,2025-12-23 09:06:36.005899
34583017,1,2025-12-23 09:07:29.064633
340500052424,1,2025-12-23 09:11:28.614617
34583017,1,2025-12-23 09:12:18.497027
340500052424,1,2025-12-23 09:16:31.585913
34583017,1,2025-12-23 09:17:22.593772
340500052424,1,2025-12-23 09:21:33.119009
34583017,1,2025-12-23 09:22:25.435334
340500052424,1,2025-12-23 09:26:33.533380
34583017,1,2025-12-23 09:27:22.548491
340500052424,1,2025-12-23 09:31:28.838951
34583017,1,2025-12-23 09:32:14.396944
340500052424,1,2025-12-23 09:36:30.611515
34583017,1,2025-12-23 09:37:25.235470
340500052424,1,2025-12-23 09:41:30.265674
34583017,1,2025-12-23 09:42:23.084277
340500052424,1,2025-12-23 09:46:28.873223
34583017,1,2025-12-23 09:47:16.806055
340500052424,1,2025-12-23 09:51:34.562081
34583017,1,2025-12-23 09:52:27.103145
340500052424,1,2025-12-23 09:56:36.945958
34583017,1,2025-12-23 09:57:30.142910
340500052424,1,2025-12-23 10:01:34.154633
34583017,1,2025-12-23 10:02:28.837884
340500052424,1,2025-12-23 10:06:37.352848
34583017,1,2025-12-23 10:07:33.538408
340500052424,1,2025-12-23 10:11:28.455238
34583017,1,2025-12-23 10:12:17.354233
340500052424,1,2025-12-23 10:16:31.723688
34583017,1,2025-12-23 10:17:21.700437
340500052424,1,2025-12-23 10:21:32.642272
34583017,1,2025-12-23 10:22:31.534849
340500052424,1,2025-12-23 10:26:26.913073
34583017,1,2025-12-23 10:27:16.004850
340500052424,1,2025-12-23 10:31:38.504115
34583017,1,2025-12-23 10:32:39.030029
340500052424,1,2025-12-23 10:36:39.634795
34583017,1,2025-12-23 10:37:39.188596
340500052424,1,2025-12-23 10:41:41.886389
34583017,1,2025-12-23 10:42:45.307469
340500052424,1,2025-12-23 10:46:34.453636
34583017,1,2025-12-23 10:47:23.709033
340500052424,1,2025-12-23 10:51:44.881212
34583017,1,2025-12-23 10:52:44.216136
340500052424,1,2025-12-23 10:56:45.545282
34583017,1,2025-12-23 10:57:41.675972
340500052424,1,2025-12-23 11:01:38.139287
34583017,1,2025-12-23 11:02:31.665660
340500052424,1,2025-12-23 11:06:49.866286
34583017,1,2025-12-23 11:07:40.864111
340500052424,1,2025-12-23 11:11:30.070400
34583017,1,2025-12-23 11:12:21.518124
340500052424,1,2025-12-23 11:16:27.901377
34583017,1,2025-12-23 11:17:19.432546
340500052424,1,2025-12-23 11:21:40.884236
34583017,1,2025-12-23 11:22:38.974514
340500052424,1,2025-12-23 11:26:27.800693
34583017,1,2025-12-23 11:27:16.382667
340500052424,1,2025-12-23 11:31:34.769671
34583017,1,2025-12-23 11:32:26.724936
340500052424,1,2025-12-23 11:36:36.371657
34583017,1,2025-12-23 11:37:30.000033
340500052424,1,2025-12-23 11:41:30.685764
34583017,1,2025-12-23 11:42:19.496188
340500052424,1,2025-12-23 11:46:28.347644
34583017,1,2025-12-23 11:47:14.132459
340500052408,1,2025-12-23 11:51:38.580763
340500052424,1,2025-12-23 11:52:42.743922
34583017,1,2025-12-23 11:53:44.676237
340500052408,1,2025-12-23 11:56:28.233459
340500052424,1,2025-12-23 11:57:16.369190
34583017,1,2025-12-23 11:58:05.614693
340500052408,1,2025-12-23 12:01:30.248101
340500052424,1,2025-12-23 12:02:20.300897
34583017,1,2025-12-23 12:03:14.316340
340500052408,1,2025-12-23 12:06:30.594773
340500052424,1,2025-12-23 12:07:17.966670
34583017,1,2025-12-23 12:08:04.058823
340500052408,1,2025-12-23 12:11:29.632031
340500052424,1,2025-12-23 12:12:24.425221
34583017,1,2025-12-23 12:13:21.107166
340500052408,1,2025-12-23 12:16:28.923839
340500052424,1,2025-12-23 12:17:18.384439
34583017,1,2025-12-23 12:18:06.772217
340500052408,1,2025-12-23 12:21:33.611008
340500052424,1,2025-12-23 12:22:30.467979
34583017,1,2025-12-23 12:23:35.226792
263286933,1,2025-12-23 12:26:32.885432
340500052408,1,2025-12-23 12:27:23.687522
340500052424,1,2025-12-23 12:28:10.907300
34583017,1,2025-12-23 12:28:53.079102
263286933,1,2025-12-23 12:31:28.605233
340500052408,1,2025-12-23 12:32:15.701973
340500052424,1,2025-12-23 12:33:02.248763
34583017,1,2025-12-23 12:33:45.362048
263286933,1,2025-12-23 12:36:36.385162
340500052408,1,2025-12-23 12:37:32.566056
340500052424,1,2025-12-23 12:38:33.164618
34583017,1,2025-12-23 12:39:16.412146
263286933,1,2025-12-23 12:41:38.570760
340500052408,1,2025-12-23 12:42:32.159918
340500052424,1,2025-12-23 12:43:21.089287
34583017,1,2025-12-23 12:44:04.643586
263286933,1,2025-12-23 12:46:36.430156
340500052408,1,2025-12-23 12:47:27.375042
340500052424,1,2025-12-23 12:48:15.405903
34583017,1,2025-12-23 12:49:01.510902
263286933,1,2025-12-23 12:51:45.517106
340500052408,1,2025-12-23 12:52:46.536246
340500052424,1,2025-12-23 12:53:43.810635
263286933,1,2025-12-23 12:56:37.498370
340500052408,1,2025-12-23 12:57:29.404504
340500052424,1,2025-12-23 12:58:17.565362
34583017,1,2025-12-23 12:59:02.914272
263286933,1,2025-12-23 13:01:36.004110
340500052408,1,2025-12-23 13:02:24.952878
340500052424,1,2025-12-23 13:03:22.930291
34583017,1,2025-12-23 13:04:08.861813
263286933,1,2025-12-23 13:06:47.351031
340500052408,1,2025-12-23 13:07:36.876510
340500052424,1,2025-12-23 13:08:21.171251
34583017,1,2025-12-23 13:09:04.697435
263286933,1,2025-12-23 13:11:28.959270
340500052408,1,2025-12-23 13:12:19.733862
340500052424,1,2025-12-23 13:13:18.182820
34583017,1,2025-12-23 13:14:12.634771
263286933,1,2025-12-23 13:16:29.170540
340500052408,1,2025-12-23 13:17:14.432305
340500052424,1,2025-12-23 13:17:56.799991
34583017,1,2025-12-23 13:18:42.011022
263387274,1,2025-12-23 15:36:29.699923
EBKG15070368,1,2025-12-23 16:11:32.878617
340500052386,1,2025-12-23 19:27:02.227808
BUE500232500,1,2025-12-26 09:26:28.349784
263281925,1,2025-12-26 12:26:35.999105
153IAR0654334,1,2025-12-26 14:11:28.033585
263175837,1,2025-12-26 15:31:33.876964
BUE00232500,1,2025-12-29 08:56:36.172596
ZIMUBUE9046424,1,2025-12-29 12:36:33.113492
BUE40840800,1,2025-12-29 12:46:28.185590
263387246,1,2025-12-29 14:31:31.678436
27968063,1,2025-12-29 14:32:19.951513
20661133,1,2025-12-29 15:41:28.172620
BUE500256300,1,2025-12-30 11:46:28.386741
ZIMUBUE9045655,1,2025-12-30 11:47:18.999749
340500053731,1,2025-12-30 14:16:33.298920
263573447,1,2025-12-30 14:36:33.882019
34233893,1,2025-12-30 15:11:25.730092
BUA0358167,1,2026-01-02 12:32:59.883925
31237112,1,2026-01-02 16:16:36.201791
ZIMUBUE9046290,1,2026-01-02 17:51:36.586055
340500055092,1,2026-01-05 10:41:37.035819
EBKG15320408,1,2026-01-05 12:16:40.676123
COSU6439549470,1,2026-01-05 16:16:36.508894
EBKG15224147,1,2026-01-05 16:51:37.783688
COSU6439549450,1,2026-01-05 17:11:42.374268
25762647,1,2026-01-05 17:16:31.118620
37074305,1,2026-01-05 17:26:35.714279
BUEF13906500,1,2026-01-06 11:01:59.007035
31914521,1,2026-01-06 14:56:42.142246
EBKG15392230,1,2026-01-06 16:51:41.005698
263006968,1,2026-01-06 17:36:40.187830
BUA0358569,1,2026-01-06 18:06:43.426603
ZIMUBUE9046450,1,2026-01-06 18:41:38.698224
ZIMUBUE9046489,1,2026-01-06 18:42:38.537961
263638538,1,2026-01-07 12:01:56.691158
25001EC01083474N,1,2026-01-07 14:51:51.587970
263339698,1,2026-01-07 18:31:39.448466
COSU6439676000,1,2026-01-07 19:16:41.045720
BUA0358795,1,2026-01-08 15:36:39.254240
33246559,1,2026-01-08 17:21:39.758385
262042425,1,2026-01-09 10:16:40.144096
262042425,1,2026-01-09 10:21:44.194135
262042425,1,2026-01-09 10:26:42.058046
262042425,1,2026-01-09 10:31:42.335173
262042425,1,2026-01-09 10:36:40.545946
262042425,1,2026-01-09 10:41:40.915898
263758652,1,2026-01-09 10:42:46.415871
262042425,1,2026-01-09 10:46:47.759122
263758652,1,2026-01-09 10:47:52.127289
262042425,1,2026-01-09 10:51:43.237295
263758652,1,2026-01-09 10:52:56.524861
262042425,1,2026-01-09 10:56:39.727506
263758652,1,2026-01-09 10:57:48.893765
262042425,1,2026-01-09 11:01:49.392026
263758652,1,2026-01-09 11:03:02.862390
262042425,1,2026-01-09 11:06:57.369185
263758652,1,2026-01-09 11:08:05.970296
262042425,1,2026-01-09 11:11:48.405547
263758652,1,2026-01-09 11:13:03.539513
262042425,1,2026-01-09 11:16:46.905971
263758652,1,2026-01-09 11:17:57.275900
262042425,1,2026-01-09 11:21:47.919473
263758652,1,2026-01-09 11:23:03.336178
262042425,1,2026-01-09 11:26:41.912224
263758652,1,2026-01-09 11:27:50.187858
262042425,1,2026-01-09 11:31:47.343583
263758652,1,2026-01-09 11:32:55.641848
262042425,1,2026-01-09 11:36:44.377943
263758652,1,2026-01-09 11:37:57.069410
262042425,1,2026-01-09 11:41:42.746806
263758652,1,2026-01-09 11:43:06.418742
262042425,1,2026-01-09 11:46:40.143932
263758652,1,2026-01-09 11:47:45.121705
262042425,1,2026-01-09 11:51:47.310669
263758652,1,2026-01-09 11:53:01.437866
262042425,1,2026-01-09 11:56:43.081996
263758652,1,2026-01-09 11:57:49.223774
262042425,1,2026-01-09 12:02:01.856568
263758652,1,2026-01-09 12:03:13.040501
262042425,1,2026-01-09 12:06:42.241893
263758652,1,2026-01-09 12:07:47.031527
262042425,1,2026-01-09 12:11:41.960229
263758652,1,2026-01-09 12:13:01.178403
262042425,1,2026-01-09 12:16:44.721509
263758652,1,2026-01-09 12:17:48.510666
262042425,1,2026-01-09 12:21:47.270347
263758652,1,2026-01-09 12:22:55.389356
262042425,1,2026-01-09 12:26:44.865297
263758652,1,2026-01-09 12:27:56.877866
262042425,1,2026-01-09 12:31:39.088988
263758652,1,2026-01-09 12:32:44.844210
262042425,1,2026-01-09 12:36:40.257435
263758652,1,2026-01-09 12:37:41.973471
262042425,1,2026-01-09 12:41:46.896676
263758652,1,2026-01-09 12:42:46.822192
262042425,1,2026-01-09 12:46:41.154130
263758652,1,2026-01-09 12:47:52.139848
262042425,1,2026-01-09 12:51:40.118563
263758652,1,2026-01-09 12:52:47.549446
262042425,1,2026-01-09 12:56:41.445478
263758652,1,2026-01-09 12:57:48.054376
262042425,1,2026-01-09 13:02:10.771911
263758652,1,2026-01-09 13:03:10.562136
262042425,1,2026-01-09 13:06:47.879935
263758652,1,2026-01-09 13:08:07.871646
262042425,1,2026-01-09 13:11:37.150481
263758652,1,2026-01-09 13:13:00.627527
262042425,1,2026-01-09 13:16:43.852143
263758652,1,2026-01-09 13:17:58.113877
262042425,1,2026-01-09 13:21:47.112525
263758652,1,2026-01-09 13:23:01.942468
262042425,1,2026-01-09 13:26:40.125292
263758652,1,2026-01-09 13:28:03.120759
262042425,1,2026-01-09 13:31:50.811429
263758652,1,2026-01-09 13:33:03.676029
262042425,1,2026-01-09 13:36:39.679643
263758652,1,2026-01-09 13:38:21.963757
262042425,1,2026-01-09 13:42:02.960504
263758652,1,2026-01-09 13:43:03.790550
262042425,1,2026-01-09 13:46:44.450788
263758652,1,2026-01-09 13:47:51.102278
262042425,1,2026-01-09 13:51:52.087520
263758652,1,2026-01-09 13:53:06.448499
262042425,1,2026-01-09 13:56:40.835215
263758652,1,2026-01-09 13:57:42.601154
262042425,1,2026-01-09 14:02:03.374841
263758652,1,2026-01-09 14:03:15.930934
262042425,1,2026-01-09 14:06:47.374173
263758652,1,2026-01-09 14:07:57.331514
262042425,1,2026-01-09 14:11:42.687777
263758652,1,2026-01-09 14:12:54.205672
262042425,1,2026-01-09 14:16:40.307518
263758652,1,2026-01-09 14:17:42.035844
262042425,1,2026-01-09 14:21:41.732349
263758652,1,2026-01-09 14:22:49.357913
262042425,1,2026-01-09 14:26:39.484110
263758652,1,2026-01-09 14:27:42.518775
262042425,1,2026-01-09 14:31:41.276281
263758652,1,2026-01-09 14:32:49.170253
262042425,1,2026-01-09 14:36:45.439698
263758652,1,2026-01-09 14:37:56.925656
