Fecha,Terminal,Turno,Contenedor,Cliente,Booking,TLAT,Oper.,Tipo CNT,Dimension,arribado,Estado,Peso,Peligrosa
2026-09-15,T4,0600 ,JZPU-409587-2,Mercovan Argentina S.A.,ZIMUSSR0004022,2600126001TLAT026043K    ,TD,DR,20,1,08:52 Arribado,1964.00,0
2026-09-15,T4,1400 ,ZCSU-730781-1,Mercovan Argentina S.A.,ZIMUSSR0004021,2600126001TLAT026156P    ,TD,HC,40,1,16:42 Arribado,5969.00,0
2026-09-16,TRP,1000 ,OOCU-625376-9,Mercovan Argentina S.A.,OOLU2330855500,2600126001TLAT026302X    ,TD,HC,40,1,13:41 Arribado,3600.00,0
2026-09-16,EXOLGAN,1300 ,HAMU-265200-2,Mercovan Argentina S.A.,HLUSPIL260711765,2600126001TLAT026458U    ,TD,HC,40,1,16:25 Arribado,4971.46,0
2026-09-18,T4,0700 ,TIIU-200655-3,Mercovan Argentina S.A.,274701438,2600126001TLAT026616Z    ,TD,DR,20,1,09:19 Arribado,1380.00,0
2026-10-06,EXOLGAN,1100 ,MSMU-784482-2,Mercovan Argentina S.A.,MEDURN115593,2600126001TLAT029044Y    ,TD,HC,40,0,Pendiente arribo,6160.00,0
2026-09-21,TRP,1300 ,TIIU-549224-8,Mercovan Argentina S.A.,COSU6505622750,2600126001TLAT026989G    ,TD,HC,40,1,01:51 Arribado,5366.95,0
2026-09-22,EXOLGAN,1300 ,HLBU-382282-3,Mercovan Argentina S.A.,HLCUME3260750352,2600126001TLAT027164P    ,TD,DR,20,1,17:29 Arribado,1210.00,0
2026-09-22,EXOLGAN,1300 ,HLBU-112652-8,Mercovan Argentina S.A.,HLCUBC1260777034,2600126001TLAT027166R    ,TD,GP,40,1,18:35 Arribado,4750.00,0
2026-09-23,EXOLGAN,1100 ,DFSU-288802-3,Mercovan Argentina S.A.,HLCULE1260816448,2600126001TLAT027464S    ,TD,DR,20,1,14:07 Arribado,1434.00,0
2026-09-15,T4,0600 ,TGHU-517436-3,Lift Van Int. Co S.A,ZIMUMIA942383,2600126001TLAT026045M    ,TD,DR,40,1,08:24 Arribado,4690.15,0
2026-09-15,T4,0600 ,TIIU-230818-9,Lift Van Int. Co S.A,ZIMUNYC9135608,2600126001TLAT026044L    ,TD,DR,20,1,08:47 Arribado,1778.00,0
2026-09-16,EXOLGAN,1500 ,TLLU-606699-5,Lift Van Int. Co S.A,ONEYRICGV0579900,2600126001TLAT026462P    ,TD,DR,40,1,18:32 Arribado,5524.75,0
2026-09-16,EXOLGAN,1500 ,HLBU-140902-4,Lift Van Int. Co S.A,HLCUBO2260800036,2600126001TLAT026460N    ,TD,DR,40,1,19:03 Arribado,5652.00,0
2026-09-16,EXOLGAN,1500 ,HLBU-348272-3,Lift Van Int. Co S.A,HLCUME3260723490,2600126001TLAT026453P    ,TD,DR,20,1,18:36 Arribado,725.10,0
2026-10-01,EXOLGAN,1500 ,HLBU-396840-1,Lift Van Int. Co S.A,HLUSAN2260701724,2600126001TLAT028536T    ,TD,DR,20,1,19:05 Arribado,2223.00,0
2026-10-01,EXOLGAN,1100 ,TCLU-209573-9,Lift Van Int. Co S.A,MEDUXX973894,2600126001TLAT028551Z    ,TD,DR,20,1,15:41 Arribado,1330.00,1
2026-10-06,T4,1400 ,MRSU-061687-8,Lift Van Int. Co S.A,275244957,2600126001TLAT029055Z    ,TD,DR,20,0,Pendiente arribo,3097.00,0
2026-09-30,T4,1100 ,TGHU-519492-4,Lift Van Int. Co S.A,HLCUBSC2608BLDI3,2600126001TLAT028347T    ,TD,DR,40,1,13:44 Arribado,3516.00,0
2026-10-02,TRP,1000 ,FCIU-529687-3,Lift Van Int. Co S.A,USG0336266,2600126001TLAT028545T    ,TD,DR,20,1,13:50 Arribado,1591.20,0
2026-10-01,EXOLGAN,1500 ,CAAU-780872-5,Lift Van Int. Co S.A,MEDUJO276094,2600126001TLMD010391F    ,TD,HC,40,1,19:07 Arribado,4033.00,0
2026-10-01,EXOLGAN,1500 ,CAAU-669202-9,Lift Van Int. Co S.A,HLUSAN2260701300,2600126001TLAT028537U    ,TD,HC,40,1,19:03 Arribado,3805.00,0
2026-09-24,EXOLGAN,1500 ,CAAU-211034-6,Lift Van Int. Co S.A,HLCUTOR260720482,2600126001TLAT027878E    ,TD,DR,20,1,19:53 Arribado,1706.00,0
2026-09-24,EXOLGAN,1500 ,HLXU-536858-0,Lift Van Int. Co S.A,HLUSPIL260710835,2600126001TLAT027880U    ,TD,DR,40,1,17:45 Arribado,4834.00,0
2026-09-28,T4,1400 ,BMOU-148045-7,Lift Van Int. Co S.A,ONEYRICGAP625500,2600126001TLAT028127P    ,TD,DR,20,1,16:31 Arribado,2658.05,0
2026-09-28,EXOLGAN,1300 ,ONEU-200825-0,Lift Van Int. Co S.A,ONEYRICGY6681500,2600126001TLAT028144Y    ,TD,DR,20,1,15:41 Arribado,1642.00,0
2026-09-28,EXOLGAN,1500 ,UACU-848772-0,Lift Van Int. Co S.A,HLCUBO2260823651,2600126001TLAT028146Z    ,TD,DR,40,1,17:40 Arribado,4422.00,0
2026-09-21,EXOLGAN,1300 ,FANU-137235-4,Lift Van Int. Co S.A,HLCUBC1260787728,2600126001TLAT027091Y    ,TD,DR,20,1,20:32 Arribado,1980.00,0
2026-09-22,T4,1000 ,FCIU-651468-7,Lift Van Int. Co S.A,HLCUBSC2608BDEO0,2600126001TLAT027157R    ,TD,DR,20,1,13:53 Arribado,1675.00,1
2026-09-23,EXOLGAN,1500 ,DRYU-417676-8,Lift Van Int. Co S.A,HLCUME3260756984,2600126001TLAT027472R    ,TD,DR,40,1,18:39 Arribado,3540.00,0
2026-09-24,EXOLGAN,1500 ,HLBU-140947-2,Lift Van Int. Co S.A,HLCUBC1260680139,2600126001TLAT027875B    ,TD,DR,40,1,19:19 Arribado,3620.00,0
2026-09-24,EXOLGAN,1500 ,HAMU-375732-7,Lift Van Int. Co S.A,HLCUHAM260807160,2600126001TLAT027876C    ,T,HC,40,1,17:43 Arribado,5420.00,0
2026-09-17,EXOLGAN,1500 ,HLBU-298513-2,Lift Van Int. Co S.A,HLCUME3260736050,2600126001TLAT026606P    ,TD,DR,20,1,18:02 Arribado,1622.00,0
2026-09-17,EXOLGAN,1100 ,HLXU-539486-6,Lift Van Int. Co S.A,HLCUME3260723680,2600126001TLAT026600J    ,TD,DR,40,1,15:12 Arribado,3940.00,0
2026-09-18,EXOLGAN,1500 ,HLBU-397582-2,Lift Van Int. Co S.A,HLCULI3260703702,2600126001TLAT026776A    ,TD,DR,20,1,21:07 Arribado,4900.00,0
2026-09-18,EXOLGAN,1500 ,HAMU-408458-1,Lift Van Int. Co S.A,HLCULI3260703702,2600126001TLAT026776A    ,TD,HC,40,1,21:04 Arribado,9920.00,0
2026-09-17,EXOLGAN,1500 ,FANU-137402-2,Edelweiss Spedition Srl,HLCUBO2260711534,2600126001TLAT026604N    ,TD,DR,20,1,18:53 Arribado,1137.00,0
2026-09-24,EXOLGAN,1300 ,TCLU-740182-6,Edelweiss Spedition Srl,HLCUBC1260685970,2600126001TLAT027873W    ,TD,DR,40,1,19:17 Arribado,6455.00,0
2026-10-01,EXOLGAN,1500 ,MSBU-175550-8,Edelweiss Spedition Srl,MEDUAFG21818,2600126001TLAT028550P    ,TD,DR,20,1,19:17 Arribado,2000.00,0
2026-10-06,EXOLGAN,1300 ,CAAU-207766-0,Edelweiss Spedition Srl,HLCUBSC2608REQQ4,2600126001TLAT028941T    ,TD,DR,20,0,Pendiente arribo,2321.00,0
2026-09-23,EXOLGAN,1300 ,HAMU-384901-7,Edelweiss Spedition Srl,HLCUHAM260650272,2600126001TLAT027466U    ,TD,HC,40,1,18:43 Arribado,6320.00,0
2026-09-29,EXOLGAN,1300 ,ONEU-139963-2,Sanyo Color Sa,26-27/AMD/00023,2600126001TLMD010275G    ,TD,HC,40,1,16:44 Arribado,27640.00,0
2026-09-17,EXOLGAN,1500 ,DCIU-542234-7,Dpmg S.A.,SABUE260886,2600126001TLAT026640N    ,T,IS,20,1,18:21 Arribado,18000.00,1
2026-09-21,EXOLGAN,1500 ,NRSU-010133-8,Dpmg S.A.,SABUE260880,2600126001TLAT026988F    ,T,IS,20,1,19:38 Arribado,18000.00,1
2026-09-23,T4,1000 ,ZHLU-200949-0,Dpmg S.A.,277990165,2600126001TLAT027459W    ,T,IS,20,1,14:05 Arribado,18000.00,1
2026-10-01,EXOLGAN,1300 ,DCIU-552516-0,Dpmg S.A.,SABUE260926,2600126001TLAT028613P    ,T,IS,20,1,19:14 Arribado,18000.00,1
2026-10-01,EXOLGAN,1300 ,EXFU-522978-8,Dpmg S.A.,SABUE260963,2600126001TLAT028614Z    ,T,IS,20,1,16:31 Arribado,18000.00,1
2026-10-05,TRP,1200 ,TXGU-749277-0,Dpmg S.A.,NGP4058285,2600126001TLAT028808V    ,TD,HC,40,1,14:20 Arribado,26640.00,1
2026-10-05,TRP,1000 ,CMAU-791563-1,Dpmg S.A.,NGP4058286,2600126001TLAT028806T    ,TD,HC,40,1,11:49 Arribado,25944.00,1
2026-10-05,TRP,1100 ,ECMU-541046-9,Dpmg S.A.,NGP4058286,2600126001TLAT028806T    ,TD,HC,40,1,14:04 Arribado,25944.00,1
2026-10-06,T4,1000 ,ZHLU-201017-2,Dpmg S.A.,278687813,2600126001TLAT029171P    ,T,is,20,0,Pendiente arribo,18000.00,1
2026-10-06,T4,1000 ,ZHLU-201512-7,Dpmg S.A.,278687818,2600126001TLAT029172Z    ,T,IS,20,0,Pendiente arribo,18000.00,1
2026-09-14,TRP,1100 ,BEAU-206918-0,Refractarios Argentinos Saicm,DLC69903869,2600126001TLAT026006J    ,TD,DR,20,1,13:43 Arribado,23409.00,0
2026-09-14,TRP,0900 ,HMMU-208769-5,Refractarios Argentinos Saicm,DLC69903869,2600126001TLAT026006J    ,TD,DR,20,1,10:54 Arribado,23688.00,0
2026-09-14,TRP,1200 ,TLLU-236206-8,Refractarios Argentinos Saicm,DLC69903869,2600126001TLAT026006J    ,TD,DR,20,1,14:14 Arribado,23225.00,0
2026-09-14,TRP,1200 ,TRHU-157420-8,Refractarios Argentinos Saicm,DLC69903869,2600126001TLAT026006J    ,TD,DR,20,1,14:01 Arribado,23277.00,0
2026-09-14,TRP,1300 ,CAIU-665727-3,Refractarios Argentinos Saicm,DLC69903114,2600126001TLAT026007K    ,TD,DR,20,1,15:13 Arribado,6942.00,0
2026-09-16,TRP,1000 ,SEKU-139739-1,Refractarios Argentinos Saicm,COSU6504337980,2600126001TLAT026299A    ,TD,DR,20,1,13:35 Arribado,21600.00,0
2026-09-25,EXOLGAN,1100 ,TGBU-390305-8,Refractarios Argentinos Saicm,VIE10145736,2600126001TLAT027937A    ,TD,DR,20,1,15:06 Arribado,24208.00,0
2026-09-29,EXOLGAN,1300 ,MEDU-573325-6,Refractarios Argentinos Saicm,DLC10044341,2600126001TLMD010302U    ,TD,DR,20,1,17:44 Arribado,22880.00,0
2026-09-29,EXOLGAN,1300 ,MSMU-159774-6,Refractarios Argentinos Saicm,DLC10044341,2600126001TLMD010302U    ,TD,DR,20,1,17:40 Arribado,23597.00,0
2026-10-06,T4,1400 ,MRKU-737409-5,Refractarios Argentinos Saicm,WJM10127630,2600126001TLMD010617G    ,TD,DR,20,0,Pendiente arribo,18360.00,0
2026-10-06,T4,1400 ,MRSU-056420-2,Refractarios Argentinos Saicm,WJM10127630,2600126001TLMD010617G    ,TD,DR,20,0,Pendiente arribo,18360.00,0
2026-10-06,T4,1400 ,MSKU-549569-6,Refractarios Argentinos Saicm,WJM10127630,2600126001TLMD010617G    ,TD,DR,20,0,Pendiente arribo,18360.00,0
2026-09-25,EXOLGAN,1100 ,MSBU-276949-2,Refractarios Argentinos Saicm,VIE10145736,2600126001TLAT027937A    ,TD,DR,20,1,15:13 Arribado,24208.00,0
2026-09-25,EXOLGAN,1100 ,MSBU-317569-0,Refractarios Argentinos Saicm,VIE10145736,2600126001TLAT027937A    ,TD,DR,20,1,13:57 Arribado,19936.00,0
2026-09-25,EXOLGAN,1100 ,MSBU-384942-1,Refractarios Argentinos Saicm,VIE10145736,2600126001TLAT027937A    ,TD,DR,20,1,13:59 Arribado,24208.00,0
2026-09-25,EXOLGAN,1100 ,MSMU-132580-9,Refractarios Argentinos Saicm,VIE10145736,2600126001TLAT027937A    ,TD,DR,20,1,15:19 Arribado,24208.00,0
2026-09-25,EXOLGAN,1100 ,MSNU-121113-7,Refractarios Argentinos Saicm,VIE10145736,2600126001TLAT027937A    ,TD,DR,20,1,14:15 Arribado,24208.00,0
2026-09-25,EXOLGAN,1100 ,MSNU-177021-7,Refractarios Argentinos Saicm,VIE10145736,2600126001TLAT027937A    ,TD,DR,20,1,16:07 Arribado,24208.00,0
2026-09-23,T4,1400 ,MRKU-953765-3,Refractarios Argentinos Saicm,KDRQ26060029,2600126001TLAT027473S    ,TD,DR,20,1,18:28 Arribado,25200.00,0
2026-09-30,T4,1300 ,HAMU-110154-0,Refractarios Argentinos Saicm,DSV1552544,2600126001TLMD010085F    ,TD,DR,20,1,16:00 Arribado,18509.00,0
2026-09-30,T4,1300 ,HLBU-380636-0,Refractarios Argentinos Saicm,DSV1552544,2600126001TLMD010085F    ,TD,DR,20,1,16:11 Arribado,18508.00,0
2026-09-30,T4,1300 ,HLBU-401432-6,Refractarios Argentinos Saicm,DSV1552544,2600126001TLMD010085F    ,TD,DR,20,1,15:42 Arribado,18509.00,0
2026-09-25,EXOLGAN,1100 ,FBIU-041880-6,Refractarios Argentinos Saicm,VIE10145736,2600126001TLAT027937A    ,TD,DR,20,1,14:11 Arribado,24208.00,0
2026-09-25,EXOLGAN,1100 ,MEDU-504184-9,Refractarios Argentinos Saicm,VIE10145736,2600126001TLAT027937A    ,TD,DR,20,1,14:47 Arribado,24208.00,0
2026-09-23,EXOLGAN,1300 ,MSMU-198955-7,Refractarios Argentinos Saicm,VIE10126701,2600126001TLMD010066E    ,TD,DR,20,1,15:55 Arribado,26428.00,0
2026-09-23,EXOLGAN,1300 ,SEGU-305556-2,Refractarios Argentinos Saicm,VIE10126701,2600126001TLMD010066E    ,TD,DR,20,1,16:35 Arribado,26418.00,0
2026-09-23,EXOLGAN,1300 ,TGHU-194046-0,Refractarios Argentinos Saicm,VIE10126701,2600126001TLMD010066E    ,TD,DR,20,1,16:00 Arribado,26308.00,0
2026-09-23,EXOLGAN,1300 ,CUBU-201210-0,Refractarios Argentinos Saicm,VIE10126701,2600126001TLMD010066E    ,TD,DR,20,1,15:46 Arribado,26238.00,0
2026-09-23,EXOLGAN,1300 ,HPCU-237340-0,Refractarios Argentinos Saicm,VIE10126701,2600126001TLMD010066E    ,TD,DR,20,1,16:39 Arribado,26428.00,0
2026-09-23,T4,1400 ,MRKU-726544-8,Refractarios Argentinos Saicm,KDRQ26060029,2600126001TLAT027473S    ,TD,DR,20,1,16:03 Arribado,25200.00,0
2026-09-22,T4,0900 ,MRKU-706434-0,Refractarios Argentinos Saicm,721644780,2600126001TLAT027356S    ,TD,DV,20,1,11:57 Arribado,27079.00,0
2026-09-23,EXOLGAN,1300 ,LYGU-011398-8,Refractarios Argentinos Saicm,VIE10126701,2600126001TLMD010066E    ,TD,DR,20,1,15:50 Arribado,26308.00,0
2026-09-23,EXOLGAN,1300 ,MEDU-541030-9,Refractarios Argentinos Saicm,VIE10126701,2600126001TLMD010066E    ,TD,DR,20,1,15:43 Arribado,26428.00,0
2026-09-23,EXOLGAN,1300 ,MSBU-170092-7,Refractarios Argentinos Saicm,VIE10126701,2600126001TLMD010066E    ,TD,DR,20,1,17:08 Arribado,26308.00,0
2026-09-23,EXOLGAN,1300 ,MSBU-267381-0,Refractarios Argentinos Saicm,VIE10126701,2600126001TLMD010066E    ,TD,DR,20,1,15:48 Arribado,19188.00,0
2026-09-23,EXOLGAN,1300 ,MSMU-131750-5,Refractarios Argentinos Saicm,VIE10126701,2600126001TLMD010066E    ,TD,DR,20,1,16:35 Arribado,26308.00,0
2026-09-17,TRP,1000 ,CMAU-284468-5,Refractarios Argentinos Saicm,OEKTAO26070033,2600126001TLAT026607Z    ,TD,GP,20,1,12:11 Arribado,25075.00,0
2026-09-17,TRP,1000 ,APZU-372994-7,Refractarios Argentinos Saicm,OEKTAO26070033,2600126001TLAT026607Z    ,TD,GP,20,1,12:05 Arribado,25075.00,0
2026-09-18,EXOLGAN,1500 ,MSBU-147910-1,Refractarios Argentinos Saicm,DLC69679819,2600126001TLAT026774V    ,TD,GP,20,1,18:51 Arribado,23580.28,0
2026-09-18,EXOLGAN,1500 ,MSDU-207420-8,Refractarios Argentinos Saicm,DLC69679819,2600126001TLAT026774V    ,TD,GP,20,1,18:42 Arribado,23540.00,0
2026-09-18,EXOLGAN,1500 ,MSDU-276017-3,Refractarios Argentinos Saicm,DLC69679819,2600126001TLAT026774V    ,TD,GP,20,1,18:29 Arribado,23512.00,0
2026-09-18,EXOLGAN,1500 ,MSNU-246633-8,Refractarios Argentinos Saicm,DLC69679819,2600126001TLAT026774V    ,TD,GP,20,1,18:33 Arribado,23447.00,0
2026-09-25,T4,1400 ,MRKU-361139-4,Planet Seguridad S.R.L.,XDSEF260727326,2600126001TLAT027930Z    ,T,HC,40,1,16:22 Arribado,24744.70,0
2026-09-16,TRP,1200 ,DRYU-970754-8,Aspee Monee,AEM08260280,2600126001TLMD009683R    ,T,HC,40,1,14:38 Arribado,17723.45,0
2026-09-17,TRP,1200 ,TXGU-441740-7,Aspee Monee,AEM08260279,2600126001TLMD009679W    ,T,HC,40,1,13:56 Arribado,17797.35,0
2026-09-15,EXOLGAN,1100 ,MRKU-461780-1,Aspee Monee,AEM08260277,2600126001TLAT026322K    ,T,HC,40,1,15:12 Arribado,21322.04,0
2026-09-15,EXOLGAN,1100 ,GAOU-711107-5,Aspee Monee,AEM08260276,2600126001TLAT026326Y    ,T,HC,40,1,17:35 Arribado,21306.16,0
2026-09-15,EXOLGAN,1500 ,MRSU-490156-0,Aspee Monee,AEM08260278,2600126001TLAT026328Z    ,T,HC,40,1,18:42 Arribado,21245.36,0
2026-09-16,T4,1300 ,CIPU-523059-6,Aspee Monee,272031480,2600126001TLAT026554R    ,T,HC,40,1,16:21 Arribado,24177.50,0
2026-09-29,EXOLGAN,1300 ,FANU-352704-9,Aspee Monee,FCLMAA26270186,2600126001TLAT028227Z    ,T,HC,40,1,16:56 Arribado,24384.00,0
2026-10-01,TRP,1000 ,SZLU-954862-0,Aspee Monee,CNCBUE2607416,2600126001TLAT028544S    ,T,HC,40,1,11:42 Arribado,11238.19,0
2026-09-22,EXOLGAN,1500 ,CAAU-635867-0,Aspee Monee,AEM08260286,2600126001TLAT027087T    ,T,HC,40,1,17:40 Arribado,21533.40,0
2026-09-22,EXOLGAN,1500 ,MRSU-672138-2,Aspee Monee,AEM09260287,2600126001TLAT027088U    ,T,HC,40,1,17:38 Arribado,21364.86,0
2026-09-25,TRP,0800 ,CMAU-856401-7,Aspee Monee,AEM09260289,2600126001TLMD010063B    ,T,HC,40,1,10:09 Arribado,17642.00,0
2026-09-25,TRP,0800 ,TLLU-793130-0,Aspee Monee,AEM09260290,2600126001TLMD010064C    ,T,HC,40,1,10:26 Arribado,17745.70,0
2026-09-25,T4,1300 ,HASU-401462-6,Aspee Monee,272210911,2600126001TLAT027936W    ,T,DR,40,1,16:22 Arribado,24177.50,0
2026-09-29,EXOLGAN,1300 ,HAMU-477475-6,Aspee Monee,FCLMAA26270187,2600126001TLAT028228R    ,T,HC,40,1,16:50 Arribado,24384.00,0
2026-09-18,TRP,0300 ,EISU-853437-9,Tecnolam Srl,OLGM264236,2600126001TLAT026826T    ,T,HC,40,1,08:42 Arribado,9240.00,0
2026-09-18,EXOLGAN,0700 ,DFSU-657927-5,Poka S.A.,DLSZ26070411,2600126001TLAT026933S    ,T,HC,40,1,10:34 Arribado,9460.00,0
2026-09-18,EXOLGAN,0700 ,TGBU-799270-5,Poka S.A.,DLSZ26070411,2600126001TLAT026933S    ,T,HC,40,1,10:35 Arribado,10560.00,0
2026-10-02,EXOLGAN,1100 ,HLBU-290239-6,Poka S.A.,DLSZ26080186,2600126001TLAT028734T    ,T,HC,40,1,16:29 Arribado,4218.00,0
2026-10-02,EXOLGAN,1100 ,HAMU-124398-8,Poka S.A.,DLSZ26080186,2600126001TLAT028734T    ,T,HC,40,1,16:27 Arribado,5102.00,0
2026-10-02,EXOLGAN,1300 ,FANU-118561-0,Poka S.A.,DLSZ26080186,2600126001TLAT028734T    ,T,HC,40,1,16:22 Arribado,6529.00,0
2026-10-02,EXOLGAN,1100 ,BEAU-471067-2,Poka S.A.,DLSZ26080186,2600126001TLAT028734T    ,T,HC,40,1,16:18 Arribado,4676.00,0
2026-10-06,T4,1100 ,CAAU-836826-1,Italbo S.R.L.,TCQD26070292,2600126001TLAT029173R    ,T,DR,40,0,Pendiente arribo,15420.00,0
2026-09-18,T4,0500 ,MIEU-310288-5,Sk Distributors S.R.L.,DLSZ26070686,2600126001TLAT026621M    ,T,HQ,40,1,09:12 Arribado,5460.00,0
2026-09-25,EXOLGAN,0700 ,SEGU-902323-8,Sk Distributors S.R.L.,DLNB2607455,2600126001TLAT027979G    ,T,DR,40,1,11:04 Arribado,8469.10,0
2026-09-24,TRP,1300 ,FFAU-155488-5,Rueda Oeste S.A.,TCSZ2606398A,2600126001TLAT027772U    ,T,HC,40,1,14:47 Arribado,10098.00,0
2026-09-24,TRP,1200 ,OOCU-827615-1,Rueda Oeste S.A.,TCSZ26070456B,2600126001TLAT027713P    ,T,HC,40,1,14:03 Arribado,10562.00,0
2026-09-24,TRP,1200 ,OOCU-740489-6,Rueda Oeste S.A.,TCSZ26070456A,2600126001TLAT027714Z    ,T,HC,40,1,14:05 Arribado,10755.00,0
2026-09-25,TRP,0700 ,EITU-184137-7,Rueda Oeste S.A.,TCSZ2606398B,2600126001TLAT027933T    ,T,HC,40,1,09:37 Arribado,10067.00,0
2026-09-25,TRP,1300 ,EGSU-144232-2,Rueda Oeste S.A.,TCSZ2606398C,2600126001TLAT027932S    ,T,HC,40,1,15:26 Arribado,10342.00,0
2026-10-06,EXOLGAN,1300 ,UETU-873119-5,Nativa Textil S.R.L.,NBOE26026506,2600126001TLAT029185U    ,T,HC,40,0,Pendiente arribo,20835.00,0
2026-09-21,TRP,1300 ,TCNU-212944-0,Bisora Group Sa,NBFC2607041,2600126001TLAT026991W    ,T,HC,40,1,01:54 Arribado,24120.00,0
2026-09-22,EXOLGAN,1100 ,TCLU-587855-3,Enriquez Maximiliano Adrian,MEDUXF993885,2600126001TLAT027160L    ,TD,HC,40,1,18:39 Arribado,3160.00,0
2026-09-17,EXOLGAN,1500 ,MSBU-404410-2,Gematec Srl,SYNHKG26SE070012,2600126001TLAT026602L    ,TD,GP,40,1,17:00 Arribado,18268.58,0
2026-09-21,EXOLGAN,1500 ,MSMU-841135-0,Foralia Sa,UCL/KHI/0038417-26,2600126001TLAT026986D    ,T,HC,40,1,20:26 Arribado,13395.60,0
2026-10-06,TRP,1000 ,ECMU-701313-6,Foralia Sa,UCL/KHI/0038413-26,2600126001TLAT029043N    ,T,HC,40,0,Pendiente arribo,13345.80,0
2026-09-22,T4,1000 ,MRKU-068699-6,Noah Servicess.R.L.,276012806,2600126001TLAT027161M    ,TD,DV,40,1,13:50 Arribado,3616.00,0
2026-09-29,T4,1200 ,MRKU-369881-4,Noah Servicess.R.L.,276566712,2600126001TLAT028299C    ,TD,DR,40,1,14:36 Arribado,3085.00,0
2026-09-29,T4,1200 ,MRSU-530258-7,Noah Servicess.R.L.,276624852,2600126001TLAT028297A    ,TD,DR,40,1,14:21 Arribado,3434.00,0
2026-09-30,T4,1000 ,MRSU-655850-5,Noah Servicess.R.L.,276502028,2600126001TLAT028379B    ,TD,DR,40,1,11:56 Arribado,3938.00,0
2026-09-22,T4,1000 ,TEMU-151398-1,Albatros Sur S.R.L.,311SSZ62835,2600126001TLAT027159T    ,T,DR,20,1,12:37 Arribado,19396.00,0
2026-09-18,TRP,0300 ,GAOU-719543-5,Tmcp S.A.S.,BSZFL26071277,2600126001TLAT026828V    ,T,HC,40,1,08:56 Arribado,10700.00,0
2026-09-18,TRP,0400 ,PCIU-930900-6,Tmcp S.A.S.,BSZFL26071277,2600126001TLAT026828V    ,T,HC,40,1,08:28 Arribado,10510.00,0
2026-09-18,TRP,0100 ,UETU-883161-4,Tmcp S.A.S.,BSZFL26071277,2600126001TLAT026828V    ,T,HC,40,1,09:14 Arribado,11560.00,0
2026-09-18,EXOLGAN,1500 ,MSDU-706393-1,Grass S. R. L.,HPH-HSE-2607-0097,2600126001TLAT026772T    ,T,HC,40,1,18:05 Arribado,1720.00,0
2026-09-18,EXOLGAN,1500 ,MSNU-992289-3,Grass S. R. L.,HPH-HSE-2607-0097,2600126001TLAT026772T    ,T,HC,40,1,18:37 Arribado,1427.00,0
2026-09-21,EXOLGAN,1300 ,CAAU-797893-2,Maquinarias Independencia S.A.,GILSH260600096,2600126001TLAT027069T    ,T,HC,40,1,17:07 Arribado,23310.00,1
2026-09-21,EXOLGAN,1500 ,MSNU-738900-2,Maquinarias Independencia S.A.,GILSH260600097,2600126001TLAT027068S    ,T,HC,40,1,19:10 Arribado,23511.00,1
2026-09-21,EXOLGAN,1300 ,DFSU-696458-5,Maquinarias Independencia S.A.,GILSH260500113,2600126001TLAT027070L    ,T,HC,40,1,15:20 Arribado,25500.00,1
2026-09-22,EXOLGAN,0700 ,CAAU-676729-9,Maquinarias Independencia S.A.,GILSH260400089,2600126001TLAT027162N    ,T,HC,40,1,11:41 Arribado,10660.00,1
2026-09-22,EXOLGAN,0700 ,MSNU-916801-6,Maquinarias Independencia S.A.,GILSH260500083,2600126001TLAT027163Y    ,T,HC,40,1,11:38 Arribado,19600.00,1
2026-09-18,EXOLGAN,1500 ,MSBU-803058-1,Ionatex Srl,GILNB260600129,2600126001TLAT026904Z    ,T,HC,40,1,19:40 Arribado,16400.00,0
2026-09-25,EXOLGAN,0700 ,TCLU-789999-8,Euler Ideas Srl,CANS00374005,2600126001TLAT027981W    ,T,HC,40,1,10:54 Arribado,17710.00,0
2026-09-25,TRP,1000 ,TLLU-465689-0,Euler Ideas Srl,NGP4050748,2600126001TLAT027935V    ,T,HC,40,0,Pendiente arribo,25610.00,0
2026-09-29,EXOLGAN,1300 ,NYKU-981367-5,Euler Ideas Srl,ONEYMVDG03340800,2600126001TLMD010276H    ,T,DR,20,1,16:43 Arribado,6026.00,0
2026-09-15,T4,1400 ,MRSU-900284-4,Mibeda S.A.,NBOE26026327,2600126001TLAT026154N    ,T,HC,40,1,17:23 Arribado,15630.00,0
2026-09-17,EXOLGAN,1100 ,MSDU-779929-1,Mibeda S.A.,GILNB260700338,2600126001TLAT026646T    ,T,HC,40,1,13:39 Arribado,18150.00,0
2026-09-24,TRP,1200 ,CMAU-377302-0,Caddell Construction Co. (De)....,ISB2032353,2600126001TLAT027756W    ,T,HC,40,1,14:13 Arribado,19905.00,0
2026-09-24,EXOLGAN,1500 ,CAIU-450584-1,Caddell Construction Co. (De)....,HLUSAN2260505254,2600126001TLAT027881V    ,T,HC,40,1,17:41 Arribado,23740.00,0
2026-09-24,EXOLGAN,1500 ,HAMU-312846-9,Caddell Construction Co. (De)....,HLUSAN2260609505,2600126001TLAT027882W    ,T,HC,40,1,17:38 Arribado,10260.00,0
2026-09-14,TRP,1200 ,JXLU-621836-6,Redes Bit S.A.S,H01EMCS26171600,2600126001TLAT026008L    ,TD,HC,40,1,14:16 Arribado,27500.00,0
2026-09-25,TRP,0700 ,EMCU-881286-2,Hms Group S.A.S.,OXOE2605049,2600126001TLAT027934U    ,T,HC,40,1,09:33 Arribado,13054.00,0
2026-09-25,TRP,1000 ,FFAU-497793-6,Hms Group S.A.S.,OXOE2605049,2600126001TLAT027934U    ,T,HC,40,1,12:24 Arribado,13054.00,0
2026-09-25,TRP,1200 ,EGSU-114982-3,Hms Group S.A.S.,OXOE2605049,2600126001TLAT027934U    ,T,HC,40,1,15:11 Arribado,11169.00,0
2026-09-25,TRP,1000 ,GCXU-644022-6,Hms Group S.A.S.,OXOE2605049,2600126001TLAT027934U    ,T,HC,40,1,12:22 Arribado,11169.00,0
2026-09-16,TRP,1000 ,UETU-883241-5,Felice Mega Store Srl,SZSM26070109,2600126001TLMD009798B    ,T,HC,40,1,12:21 Arribado,20758.00,0
2026-09-17,T4,0800 ,MRKU-748720-8,Estudio Nenee S. R. L.,S01700496,2600126001TLAT026610K    ,T,GP,20,1,10:19 Arribado,1118.17,0
2026-09-23,T4,1400 ,MRKU-210686-5,Estudio Nenee S. R. L.,ARBUE/000528,2600126001TLMD010065D    ,T,HQ,40,1,19:04 Arribado,7109.82,0
2026-09-22,TRP,1000 ,PIDU-419976-3,Edimaar Sa,WLC60719570,2600126001TLMD010059G    ,T,HC,40,1,13:45 Arribado,5083.00,0
2026-09-23,TRP,1000 ,HMMU-472117-6,Edimaar Sa,WLC60710119,2600126001TLAT027452P    ,T,HC,40,1,12:27 Arribado,8779.50,0
2026-09-18,TRP,0300 ,CSGU-741131-8,Vibe Tecno S.R.L,OLGM264198,2600126001TLAT026825S    ,T,HC,40,1,09:16 Arribado,8349.00,0
2026-09-18,TRP,0300 ,OOCU-721661-0,Vibe Tecno S.R.L,OLGM264198,2600126001TLAT026825S    ,T,HC,40,1,08:39 Arribado,11470.00,0
2026-09-18,TRP,0300 ,OOCU-949609-0,Vibe Tecno S.R.L,OLGM264198,2600126001TLAT026825S    ,T,HC,40,1,09:04 Arribado,12323.00,0
2026-09-18,TRP,0100 ,EITU-907932-9,Vibe Tecno S.R.L,OLGM264236,2600126001TLAT026826T    ,T,HC,40,1,08:32 Arribado,21090.00,0
2026-09-18,TRP,0200 ,EITU-936969-4,Vibe Tecno S.R.L,OLGM264236,2600126001TLAT026826T    ,T,HC,40,1,08:44 Arribado,11150.00,0
2026-09-18,TRP,0200 ,TRHU-529507-4,Vibe Tecno S.R.L,OLGM264236,2600126001TLAT026826T    ,T,HC,40,1,08:35 Arribado,12720.00,0
2026-09-22,T4,1000 ,MSKU-586172-7,Fernandez Sandra Patricia,SKMIA251307,2600126001TLAT027158S    ,TD,DV,20,1,13:47 Arribado,1680.00,1
2026-09-30,TRP,1300 ,CMAU-075578-4,Dardo Gonzalez,NAM8560724,2600126001TLAT027858C    ,TD,DR,20,1,15:46 Arribado,1981.00,0
2026-09-23,T4,1400 ,MRKU-063741-4,Multi Courriers Srl,276062846,2600126001TLAT027529U    ,TD,HC,40,1,18:21 Arribado,4481.00,0
2026-09-23,T4,1400 ,MRKU-079209-3,Multi Courriers Srl,276062846,2600126001TLAT027529U    ,TD,HC,40,1,18:24 Arribado,2948.00,0
