Operacion,Cliente,Desc,Conocimiento,Contenedor,Ingreso,Volumen,Kilos,Ubicacion,e-tally
44192-1-1,Mercovan Argentina S...,Risso Fernando,MEDURN092552,MSBU-304334-9,20-08-2026,20.00,1280.00,ANEX-A1,
44181-1-1,Gematec Srl,Gematec S.R.L,SHZ8262441,SEGU-127146-0,20-08-2026,7.00,1837.43,ANEX-A1,
44143-1-1,Lift Van Int. Co S.A,Paz Marcelo Javier,HLCUME3260636559,TCLU-330775-0,19-08-2026,20.00,958.95,ANEX-A1,
44144-1-1,Mercovan Argentina S...,Falcone Sabrina Vero...,ONEYRICGW0560700,DRYU-604308-6,19-08-2026,76.00,7901.66,IA7,
44169-1-1,Refractarios Argenti...,Refractarios,MEDUXS743318,TLLU-234630-2,19-08-2026,25.00,21600.00,ANEX-A1,
44170-1-1,Refractarios Argenti...,Refractarios,HLCUHAM2606BBII3,FCIU-650645-0,19-08-2026,25.00,11240.00,IB9,
44132-1-1,Refractarios Argenti...,Refractarios,271934607,MSKU-596915-7,19-08-2026,6.00,7168.52,ANEX-A1,
44140-1-1,Dpmg S.A.,Dpmg,MEDUXU790820,MSDU-416635-0,19-08-2026,56.00,26560.00,IB8,
44134-1-1,Dpmg S.A.,Dpmg,MEDUXU790846,MSDU-479596-5,19-08-2026,56.00,26132.00,ANEX-A1,
44134-2-1,Dpmg S.A.,Dpmg,MEDUXU790846,MSBU-417457-5,19-08-2026,56.00,26132.00,IB2,
44142-1-1,Lift Van Int. Co S.A,Bernadouy Carlos,HLCUGU2260750733,UACU-852120-8,19-08-2026,60.00,5885.00,NAVE 3,
44106-1-1,Impulso Jm S.A.,Impulso,TCNB2606347,TCKU-439903-4,18-08-2026,32.00,5500.00,ANEX-A1,
44105-1-1,Jupam Sa,Textil,NBOH26060067,EITU-807464-1,18-08-2026,68.00,15100.00,CTNNAC,
44119-1-1,Lift Van Int. Co S.A,Michel Gaston,HLCULIV260668837,LYGU-807079-5,18-08-2026,20.00,2068.18,ANEX-A1,
44120-1-1,Lift Van Int. Co S.A,Perea Maria Andrea,HLCURTM260629707,HLBU-406612-4,18-08-2026,15.00,1300.00,ANEX-A1,
44078-1-1,Yejiel Abraham Golds...,Yejiel Abraham,272070467,MRSU-485101-0,15-08-2026,58.00,10612.09,IB8,
44042-1-1,Noah Servicess.R.L.,Barbero  Ariel  Luis,274090508,MRSU-353062-8,13-08-2026,50.00,5324.00,NV3,
44042-3-1,Noah Servicess.R.L.,Vin  1Hd1Ylk13Jc0469...,274090508,MRSU-353062-8,13-08-2026,10.00,250.00,EA8,
44042-2-1,Noah Servicess.R.L.,Vin 1Hd1Jl5498Y01312...,274090508,MRSU-353062-8,13-08-2026,10.00,250.00,PA-A,
44002-2-1,Hra Consultora,Giaconi Nancy Noemi,274146685,MRSU-059189-3,12-08-2026,14.00,1461.00,NV3,
44002-1-1,Hra Consultora,Vin Edvgg5Hb2Eg17231...,274146685,MRSU-059189-3,12-08-2026,14.00,1830.00,PA-A,
43978-1-1,Lift Van Int. Co S.A,Souto Mariano,HLCUME3260628547,UACU-410875-2,11-08-2026,20.00,1800.00,ANEX-A1,
43975-1-1,Lift Van Int. Co S.A,Haas Maxmimilian  Ma...,HLCULIV260534587,HLBU-410320-7,11-08-2026,14.00,1416.00,ANEXO,
43945-2-1,Noah Servicess.R.L.,Auto Mercedez 2007 V...,IBC1502488,TXGU-751195-2,11-08-2026,13.00,2085.00,PA-B,
43945-1-1,Noah Servicess.R.L.,Auto Ranault 206 Vin...,IBC1502488,TXGU-751195-2,11-08-2026,10.00,1000.00,PA-B,
43945-3-1,Noah Servicess.R.L.,Lopreiato Lucia,IBC1502488,TXGU-751195-2,11-08-2026,27.00,4955.00,NV3,
43977-1-1,Lift Van Int. Co S.A,Nuss Bertora Juan Ma...,HLCUGU2260656881,SEGU-261260-0,11-08-2026,20.00,1411.00,ANEX-A1,
43979-1-1,Mercovan Argentina S...,Automobile Make Niss...,HLCUANR260671689,UACU-409944-0,11-08-2026,20.00,1630.00,ANEX-A1,
43982-1-1,Mercovan Argentina S...,Carberry Donovan Dun...,HLCUANR260671517,HLBU-244688-7,11-08-2026,75.00,4116.00,EA8,
43981-1-1,Lift Van Int. Co S.A,Vin 5Kbyf6860Gb60218...,HLCUPTY260642359,HLBU-409483-0,11-08-2026,20.00,1978.00,PA-A,
43976-2-1,Noah Servicess.R.L.,Mercedes Benz  W200 ...,EBKG17380072,MSBU-452301-8,11-08-2026,12.00,1217.00,ANEXO,
43980-1-1,Lift Van Int. Co S.A,Campora Regina Elda,HLCUBC1260588059,UACU-374340-8,11-08-2026,30.00,2180.00,ANEX-A1,
43976-1-1,Noah Servicess.R.L.,Mercedes Benz Sedan ...,EBKG17380072,MSBU-452301-8,11-08-2026,12.00,1108.00,ANEXO,
43918-1-1,Ciencia Y Tecnologia...,Ciencia Y Tecnologia...,272134047,TCLU-522051-5,07-08-2026,40.00,5252.00,IB6,
43883-1-1,Baires International,De Waal Thomas Frede...,271104910,MRSU-049276-1,06-08-2026,27.00,3290.00,ANEX-A1,
43902-1-1,Mercovan Argentina S...,Castellanos  De La F...,271477637,MRSU-468783-8,06-08-2026,60.00,6002.00,IA5,
43846-1-1,Mercovan Argentina S...,Gutierrez Adolfo Fab...,ZIMYOEF9097934,BSIU-279048-9,04-08-2026,28.00,3175.00,ANEX-A1,
43845-2-1,Baires International,Mudanza Acevedo Luca...,ZIMUNYC9129072,ZCSU-738525-0,04-08-2026,12.00,300.00,ANEX-A1,
43845-1-1,Baires International,Auto Ford Escape 201...,ZIMUNYC9129072,ZCSU-738525-0,04-08-2026,16.00,1271.00,PA-A,
43833-1-1,Mercovan Argentina S...,Duni Alejandro Juan,HLCUBSC2605BYWA3,UACU-851384-0,03-08-2026,34.00,3628.74,ANEX-A1,
43834-1-1,Baires International,Soifer Gabriel,HLCUTOR260417776,HLBU-233239-6,03-08-2026,20.00,2080.00,ANEX-A1,
43839-1-1,Baires International,Canessa  Sandra Marg...,ONEYRICGS1598300,ONEU-514922-5,03-08-2026,46.00,4801.00,ANEX-A1,
43840-2-1,Edelweiss Spedition ...,Vin 2T1Burhegec05076...,ONEYRICGS6929600,SEGU-596288-1,03-08-2026,10.00,1144.00,PA-A,
43840-1-1,Edelweiss Spedition ...,Carugati Aldo Oscar,ONEYRICGS6929600,SEGU-596288-1,03-08-2026,30.00,2080.00,ANEX-A1,
43823-1-1,Lift Van Int. Co S.A,Arrizabalaga Delfina,HLCUBC1260556975,UACU-858903-9,03-08-2026,35.00,3260.00,IA5,
43813-1-1,Noah Servicess.R.L.,Vin Wdbba45C9Fa03021...,272829776,MRKU-014398-3,03-08-2026,11.00,1570.00,PA-A,
43813-2-1,Noah Servicess.R.L.,Vin Wp0Jb09215860623...,272829776,MRKU-014398-3,03-08-2026,11.00,1590.00,PA-A,
43729-1-1,Edelweiss Spedition ...,Castro Dora  Del Val...,HLCUHAM260591005,UACU-840941-4,28-07-2026,60.00,5800.00,NV3,
43728-2-1,Lift Van Int. Co S.A,Auto Blanco Kia Rio ...,HLCUBC1260560339,HLXU-116333-9,28-07-2026,12.00,1110.00,PA-A,
43728-1-1,Lift Van Int. Co S.A,Caminata Juan Federi...,HLCUBC1260560339,HLXU-116333-9,28-07-2026,10.00,1160.00,ANEX-A1,
43657-1-1,Givova Sport Srl,Givova Sport,KHI/BUE/00027,HLBU-388721-2,22-07-2026,26.00,1820.00,IA8,
43555-2-1,Noah Servicess.R.L.,Chevrolet Vin 1Gya3D...,272008983,MRKU-097186-4,16-07-2026,0.00,1596.00,EA9,
43555-1-1,Noah Servicess.R.L.,Porsche Cayman Vin ....,272008983,MRKU-097186-4,16-07-2026,0.00,1315.00,EA9,
43471-1-1,Noah Servicess.R.L.,Auto Ferrari Vin Zff...,271958896,MRKU-040777-2,13-07-2026,10.00,1656.00,PA-A,
43426-2-1,Mercovan Argentina S...,Motorcycle  Bmw Vin ...,272004856,HASU-402673-5,13-07-2026,5.00,309.00,PA-A,
43470-1-1,Gmg 360 Sa C,Home Appliances,271904303A,TLLU-221832-2,13-07-2026,21.00,1543.00,IA6,
43355-2-1,Grupo Rsm Srl,Auto Triumph Green V...,270510694,MRKU-088617-1,06-07-2026,32.00,997.00,PA-A,
43359-0-1,Colorantes Industria...,Colorantes,-,,06-07-2026,4.53,2034.00,EA6,
43330-1-1,Outdoors Solutions S...,Inflatable Paddle Bo...,SYNNGB26SE050814,MSDU-750602-7,02-07-2026,45.39,5781.26,IB7,
43305-1-1,Ofa Express Srl,Padel Ball / Overgri...,YON202608739,MRSU-774273-3,01-07-2026,68.00,10950.00,IB3,
43228-1-1,Noah Servicess.R.L.,Auto Mercedes Benz Y...,270710557,MRKU-049271-1,25-06-2026,20.00,2583.00,PA-A,
43228-2-1,Noah Servicess.R.L.,Auto Mercedes Color ...,270710557,MRKU-049271-1,25-06-2026,20.00,1950.00,PA-A,
43229-1-1,Noah Servicess.R.L.,Jeep Wrangler Vin 1C...,271340901,MRKU-108852-0,25-06-2026,15.00,1920.00,PA-A,
43227-1-1,Talwin Transport Ser...,Mustang 1966  Vin 6T...,HLCUBSC2605AVTD4,UACU-857770-0,25-06-2026,12.00,1133.00,PA-A,
43227-2-1,Talwin Transport Ser...,Mustan 1965 Vin5F07T...,HLCUBSC2605AVTD4,UACU-857770-0,25-06-2026,12.00,245.00,PA-A,
43227-3-1,Talwin Transport Ser...,Moto Bmw 1170 Vin Wb...,HLCUBSC2605AVTD4,UACU-857770-0,25-06-2026,3.00,245.00,PA-A,
43148-0-1,Lolotex Srl,Electric Go-Kart,-,,19-06-2026,0.00,202.50,EA2,
43112-1-1,Dpmg S.A.,Dpmg S.A,NBOBUE26041868,ZCSU-730661-0,17-06-2026,68.00,18637.00,IB6,
43096-1-1,Colorantes Industria...,Leather Finish Produ...,269785454,HASU-141299-2,16-06-2026,10.89,2378.77,IB8,
43071-1-1,Redes Bit S.A.S,Spc Forring,H01EMCS26082000,CAAU-883826-2,12-06-2026,30.00,27420.00,IB9,
43076-1-1,Bazar Del Mundo S.A.,Umbrella / Toothpick,GZ26030078B,OTPU-613865-7,12-06-2026,28.63,7122.24,IA1,
43044-1-1,Dpmg S.A.,"Dpmg S,A",NGP3510477,TCNU-128041-0,10-06-2026,56.00,26128.00,IB9,
43043-1-1,Grupo Simpa Sa,Todoterreno,NBOBUE26040175,BMOU-524852-1,10-06-2026,38.00,5991.97,IA1,
43044-2-1,Dpmg S.A.,Dpmg S.A,NGP3510477,TCKU-716339-8,10-06-2026,56.00,26128.00,IB9,
42946-2-1,Dpmg S.A.,Gas Refrigerant,277989283,HASU-123002-5,05-06-2026,28.00,19090.00,IA6,
42945-1-1,Dpmg S.A.,Empty  Can,NBOBUE26040171,ZCSU-792671-3,05-06-2026,68.00,18637.00,NV4,
42946-1-1,Dpmg S.A.,Gas Refrigerant,277989283,HASU-111650-0,05-06-2026,28.00,19090.00,IA6,
42894-2-1,Noah Servicess.R.L.,Jeep Wrangler Vin 1C...,269034496,MRKU-059784-1,02-06-2026,10.00,2420.00,PA-A,
42894-1-1,Noah Servicess.R.L.,Porsche Vin Wp1Aa2Ay...,269034496,MRKU-059784-1,02-06-2026,10.00,2860.00,PA-A,
42891-0-1,Lift Van Int. Co S.A,Mudanza Sergio Saifi...,-,,02-06-2026,0.00,3150.00,RZ-1A,
42898-1-1,Noah Servicess.R.L.,Chevrolet Corvette V...,270353387,MRKU-032739-0,02-06-2026,10.00,1469.00,PA-B,http://dassaweb.mqbic.com/PublicTally.php?id2=NDcxMw==
42897-2-1,Noah Servicess.R.L.,Mercedes Benz Vin Wd...,270341081,MRKU-084135-1,02-06-2026,13.00,1650.00,PA-B,
42897-1-1,Noah Servicess.R.L.,Mercedes Benz Vin Wd...,270341081,MRKU-084135-1,02-06-2026,11.00,1870.00,PA-B,
42869-4-1,Noah Servicess.R.L.,Freyre Matiias,270403985,MRSU-496716-6,01-06-2026,30.00,2046.00,NV3,http://dassaweb.mqbic.com/PublicTally.php?id2=NDY5MQ==
42869-3-1,Noah Servicess.R.L.,Gondell Delfina,270403985,MRSU-496716-6,01-06-2026,30.00,2649.00,NV3,http://dassaweb.mqbic.com/PublicTally.php?id2=NDY5MQ==
42869-1-1,Noah Servicess.R.L.,Bmw Motorcycle Vin W...,270403985,MRSU-496716-6,01-06-2026,8.00,200.00,NV4,http://dassaweb.mqbic.com/PublicTally.php?id2=NDY5MQ==
42869-2-1,Noah Servicess.R.L.,Harley Dadidson Moto...,270403985,MRSU-496716-6,01-06-2026,5.00,280.00,NV4,http://dassaweb.mqbic.com/PublicTally.php?id2=NDY5MQ==
42848-1-1,Dpmg S.A.,Refrigerant Gas,268757125,MSKU-692119-0,29-05-2026,56.00,26891.00,NV4,
42855-1-1,Noah Servicess.R.L.,Mercedez Benz Auto B...,270286152,TLLU-525162-2,29-05-2026,19.00,2583.00,PA-A,http://dassaweb.mqbic.com/PublicTally.php?id2=NDY4NQ==
42848-2-1,Dpmg S.A.,Gas Refrigerant,268757125,MRKU-086634-4,29-05-2026,56.00,26775.00,NV4,
42817-1-1,Eagle Service Group ...,Mercedenz Benz Vin W...,268727829,TCLU-562844-6,27-05-2026,10.00,2475.00,NV5,http://dassaweb.mqbic.com/PublicTally.php?id2=NDY2Nw==
42809-1-1,Dpmg S.A.,Gas Refrigerante R41...,NPG3472295,CMAU-907672-1,27-05-2026,56.00,26325.00,IA6,
42817-2-1,Eagle Service Group ...,Moto Triumph Vin Smt...,268727829,TCLU-562844-6,27-05-2026,10.00,268.00,NV5,http://dassaweb.mqbic.com/PublicTally.php?id2=NDY2Nw==
42810-1-1,Dpmg S.A.,Gas Refrigerante R41...,NPG3472306,CMAU-833683-0,27-05-2026,60.00,26460.00,IB4,
42692-1-1,Magic Team S.A.,Footwear As Per  Bel...,HANS003759AB,TGHU-520062-6,19-05-2026,28.00,2549.00,IA7,http://dassaweb.mqbic.com/PublicTally.php?id2=NDYyOA==
42596-1-1,El Mas Grande S.A.,Cartons,SZSE2603595,TRHU-246760-5,12-05-2026,28.00,4750.00,ANEXO 1,http://dassaweb.mqbic.com/PublicTally.php?id2=NDU3OA==
42595-1-1,Impulso Jm S.A.,Cotton/Polyester,SYNTAO26SE030522,CARU-580228-6,12-05-2026,16.67,3847.60,IA5,http://dassaweb.mqbic.com/PublicTally.php?id2=NDU3Nw==
42512-2-1,Noah Servicess.R.L.,Vin Wp0Ab0918H121773,269318038,MRKU-403755-2,06-05-2026,10.00,1272.00,NV5,http://dassaweb.mqbic.com/PublicTally.php?id2=NDUxNQ==
42512-1-1,Noah Servicess.R.L.,Vin Wdbfa67E4Pf07175...,269318038,MRKU-403755-2,06-05-2026,11.00,1870.00,NV5,http://dassaweb.mqbic.com/PublicTally.php?id2=NDUxNQ==
42218-1-1,Bicicletas Futura Sa,Bicicletas,GILSH260100019,CAAU-585823-9,14-04-2026,70.00,6370.00,IA8,http://dassaweb.mqbic.com/PublicTally.php?id2=NDM1Nw==
42218-2-1,Bicicletas Futura Sa,Bicicletas,GILSH260100019,MSNU-590751-9,14-04-2026,17.76,1466.00,IB9,http://dassaweb.mqbic.com/PublicTally.php?id2=NDM1OA==
41982-1-1,Noah Servicess.R.L.,Vin Saldv224Xva11532...,266417554,MRKU-072244-0,26-03-2026,15.00,1700.00,NV5,http://dassaweb.mqbic.com/PublicTally.php?id2=NDIxMg==
41982-2-1,Noah Servicess.R.L.,Vin 1Hd1Ktp1Xpb68059...,266417554,MRKU-072244-0,26-03-2026,10.00,304.00,NAVE 4,http://dassaweb.mqbic.com/PublicTally.php?id2=NDIxMg==
41982-4-1,Noah Servicess.R.L.,Vin 1Hd1Ylk11Lb02324...,266417554,MRKU-072244-0,26-03-2026,10.00,307.00,NAVE 4,http://dassaweb.mqbic.com/PublicTally.php?id2=NDIxMg==
41982-3-1,Noah Servicess.R.L.,2004 Harley Vin 1Hd1...,266417554,MRKU-072244-0,26-03-2026,10.00,304.00,NAVE 4,http://dassaweb.mqbic.com/PublicTally.php?id2=NDIxMg==
41974-1-1,Hra Consultora,Bmw Z4 Vin Wball5C56...,266326090,MRSU-005259-3,26-03-2026,11.00,1525.00,PA-A,http://dassaweb.mqbic.com/PublicTally.php?id2=NDIwNg==
41956-1-1,Impulso Jm S.A.,Gorros,TCQD2601151,OOLU-439126-1,25-03-2026,28.04,3640.33,IB7,http://dassaweb.mqbic.com/PublicTally.php?id2=NDE5NA==
41729-2-1,Bicicletas Futura Sa,Bicicletas,GILSH25100047,FSCU-885145-4,10-03-2026,66.00,4201.00,IA9,http://dassaweb.mqbic.com/PublicTally.php?id2=NDExMg==
41729-1-1,Bicicletas Futura Sa,Bicicletas,GILSH25100047,UETU-806550-3,10-03-2026,25.39,2055.04,IB8,http://dassaweb.mqbic.com/PublicTally.php?id2=NDExMQ==
41690-1-1,Noah Servicess.R.L.,Jeep Wrangler  Vin 1...,265401386,MRKU-065227-6,06-03-2026,20.00,1960.00,IB6,http://dassaweb.mqbic.com/PublicTally.php?id2=NDA4Ng==
41667-2-1,Grupo Rsm Srl,Bmw Color Red V In W...,266057324,MRKU-084071-4,05-03-2026,9.00,1400.00,ANEXO 1,http://dassaweb.mqbic.com/PublicTally.php?id2=NDA3Mg==
41667-1-1,Grupo Rsm Srl,Bmw Color Blue Vin S...,266057324,MRKU-084071-4,05-03-2026,10.00,1466.00,ANEXO1,http://dassaweb.mqbic.com/PublicTally.php?id2=NDA3Mg==
41533-2-1,Grupo Rsm Srl,Porsche Color Black ...,265837880,MRKU-100003-5,26-02-2026,11.00,1560.00,NV1,http://dassaweb.mqbic.com/PublicTally.php?id2=NDAxMQ==
41533-1-1,Grupo Rsm Srl,Porsche Cor Grey  Ye...,265837880,MRKU-100003-5,26-02-2026,11.00,1682.00,NV1,http://dassaweb.mqbic.com/PublicTally.php?id2=NDAxMQ==
41340-1-1,Noah Servicess.R.L.,Camioneta,264176476,MRKU-561713-3,12-02-2026,40.00,2249.00,PA-A,
41256-1-1,Bisora Group Sa,Rollos,NGBSE2511047,MSMU-853067-8,10-02-2026,0.00,18800.00,NV4,http://dassaweb.mqbic.com/PublicTally.php?id2=MzkxNA==
41243-1-1,Michael Karpinski,Efectos Personales,-,HAMU-477120-6,09-02-2026,40.00,2005.00,NAVE 2,
41242-2-1,Noah Servicess.R.L.,Dv Rt / Vehicle Vipe...,MEDURS068803,MSCU-539998-6,09-02-2026,40.00,1577.00,NAVE 2,http://dassaweb.mqbic.com/PublicTally.php?id2=Mzg5OA==
41243-2-1,Michael Karpinski,Vehicle Audi A8,-,HAMU-477120-6,09-02-2026,40.00,1975.00,NAVE 2,
41003-1-1,Baires International,Mudanza - Cbezas Sae...,HLCUBC1251213726,HAMU-421056-6,28-01-2026,25.00,1760.00,N1A1,http://dassaweb.mqbic.com/PublicTally.php?id2=Mzg3MA==
41003-2-1,Baires International,Audi Q7 Vin Wauzzz4L...,HLCUBC1251213726,HAMU-421056-6,28-01-2026,170.00,3120.00,PA-B,http://dassaweb.mqbic.com/PublicTally.php?id2=Mzg3MA==
40823-2-1,Grupo Rsm Srl,Hyundai Paladise / M...,263060273,MRKU-076317-7,16-01-2026,15.00,2137.00,PA-A,http://dassaweb.mqbic.com/PublicTally.php?id2=Mzc4OQ==
40722-1-1,Impulso Jm S.A.,Microfiber Towel,NBOBUE25110181,SKYU-297340-1,09-01-2026,22.04,7767.70,NV4,http://dassaweb.mqbic.com/PublicTally.php?id2=Mzc0NA==
40688-1-1,Impulso Jm S.A.,Trucker Cap,TCSZ2510373,HDMU-474481-0,08-01-2026,25.43,3593.37,IB8,http://dassaweb.mqbic.com/PublicTally.php?id2=MzcxNg==
40478-1-1,Jupam Sa,Textil,OOLU2163806920,OOCU-971440-0,26-12-2025,65.00,26650.00,,http://dassaweb.mqbic.com/PublicTally.php?id2=MzYxNg==
40042-1-1,Bisora Group Sa,Telas,NBOE25018553,HLBU-108243-5,09-12-2025,60.00,24030.00,CTNNAC,http://dassaweb.mqbic.com/PublicTally.php?id2=MzQ0OQ==
40049-1-1,Jupam Sa,Telas,OOLU2765338360,FCIU-973636-9,09-12-2025,68.00,25970.00,,http://dassaweb.mqbic.com/PublicTally.php?id2=MzQ1MA==
40023-1-1,Bisora Group Sa,Rollos De Tela,NBOE25018603,FSCU-715185-7,09-12-2025,60.00,23850.00,CTNNAC,http://dassaweb.mqbic.com/PublicTally.php?id2=MzQ0NQ==
39844-1-1,Bisora Group Sa,Rollos De Tela,NBOE25018884,TIIU-584946-4,28-11-2025,60.00,23610.00,N23-1,http://dassaweb.mqbic.com/PublicTally.php?id2=MzM1Mw==
39847-1-1,Bisora Group Sa,Telas,NBOE25018594,HASU-412584-6,28-11-2025,68.00,20835.00,N23-1,http://dassaweb.mqbic.com/PublicTally.php?id2=MzM1Mg==
39797-1-1,Jupam Sa,Rollos De Tela,NB250967287,EMCU-837720-9,27-11-2025,68.00,20850.00,N23-1,http://dassaweb.mqbic.com/PublicTally.php?id2=MzMzMw==
39764-1-1,Bisora Group Sa,Rollos De Tela,NBOE25018025,HAMU-179825-0,26-11-2025,60.00,24860.00,ANEX-A1,http://dassaweb.mqbic.com/PublicTally.php?id2=MzMxMw==
39757-1-1,Bisora Group Sa,Rollos De Tela,NBOE25018389,MSCU-523895-5,26-11-2025,60.00,23700.00,CTNNAC,http://dassaweb.mqbic.com/PublicTally.php?id2=MzMxMA==
39763-1-1,Bisora Group Sa,Rollos De Tela,NBOE25017958,TXGU-707537-6,26-11-2025,60.00,24950.00,CTNNAC,http://dassaweb.mqbic.com/PublicTally.php?id2=MzMxMg==
39758-1-1,Bisora Group Sa,Rollos De Tela,NBOE25018395,MSMU-591282-5,26-11-2025,60.00,23980.00,CTNNAC,http://dassaweb.mqbic.com/PublicTally.php?id2=MzMwOQ==
39672-1-1,Bisora Group Sa,Telas,NBOE25018148,TCLU-170868-8,21-11-2025,60.00,23660.00,CTNNAC,http://dassaweb.mqbic.com/PublicTally.php?id2=MzI2MA==
39693-1-1,Novelty Trend Srl,Rollos De Tela,TWLE25090189,EGSU-169473-0,21-11-2025,68.00,23420.00,CTNNAC,http://dassaweb.mqbic.com/PublicTally.php?id2=MzI5Ng==
39673-1-1,Bisora Group Sa,Rollos De Tela,NBOE25018147,CAIU-477705-3,21-11-2025,60.00,24900.00,CTNNAC,http://dassaweb.mqbic.com/PublicTally.php?id2=MzI1OQ==
39648-1-1,Bisora Group Sa,Rollos De Tela,NBFC2509025,YMMU-659378-6,20-11-2025,68.00,20950.00,ANEX-A2,http://dassaweb.mqbic.com/PublicTally.php?id2=MzI1Mw==
39649-1-1,Bisora Group Sa,Rollos De Tela,NBFC2509116,YMLU-864970-4,20-11-2025,68.00,20200.00,CTNNAC,http://dassaweb.mqbic.com/PublicTally.php?id2=MzI1NA==
39643-1-1,Bisora Group Sa,Rollos De Tela,NBOE25018149,MSMU-516260-7,20-11-2025,60.00,22480.00,CTNNAC,http://dassaweb.mqbic.com/PublicTally.php?id2=MzI1NQ==
39594-1-1,Bisora Group Sa,Telas,NBFC2509023,BSIU-994537-1,18-11-2025,68.00,20600.00,CTNNAC,http://dassaweb.mqbic.com/PublicTally.php?id2=MzIwOA==
39604-1-1,Jupam Sa,Rollos De Tela,NB250967283,TLLU-801151-7,18-11-2025,60.00,21060.00,ANEX-A1,http://dassaweb.mqbic.com/PublicTally.php?id2=MzIyNA==
39518-1-1,Bisora Group Sa,Telas,NBOE25018116,TLLU-589228-8,14-11-2025,68.00,25977.00,CTNNAC,http://dassaweb.mqbic.com/PublicTally.php?id2=MzE3NA==
39539-1-1,Bisora Group Sa,Textil,NBFC2509104,HMMU-622167-3,14-11-2025,70.00,16392.00,CTNNAC,http://dassaweb.mqbic.com/PublicTally.php?id2=MzE4Mg==
39396-5-1,Clan Mobility,Cleaning Uniform,XMF202500827A/B/C/D,MSKU-122274-9,10-11-2025,5.80,1822.00,IA6,http://dassaweb.mqbic.com/PublicTally.php?id2=MzEyOA==
39383-1-1,Skop Trader S. A.,"Pp Folding Chair,Caj...",TCNB2509194,KOCU-403777-1,07-11-2025,65.00,11024.30,,
39383-2-1,Skop Trader S. A.,"Pp Folding Chair,Caj...",TCNB2509194,KOCU-403777-1,07-11-2025,65.00,11024.30,IB7,
39277-1-1,Skop Trader S. A.,Mesas De Plaatico,TCNB2508424,HMMU-658375-4,03-11-2025,71.00,14544.00,NV1,
39247-1-1,Skop Trader S. A.,Mesas De Plastico,TCNB2508476,HMMU-659616-0,31-10-2025,71.00,14432.90,NV1,
39225-1-1,Jupam Sa,Textil,NGP2732956,CMAU-934364-3,30-10-2025,68.00,16952.00,CTNNAC,http://dassaweb.mqbic.com/PublicTally.php?id2=MzAyOA==
39238-1-1,Juliana Sa,Textil,OOLU2161806950,OOCU-963929-3,30-10-2025,70.00,24615.00,ANEX-A1,http://dassaweb.mqbic.com/PublicTally.php?id2=MzA0Mw==
39239-1-1,Jupam Sa,Textil Fabrics,NGNT51061200,FFAU-495285-6,30-10-2025,68.00,15300.00,CTNNAC,http://dassaweb.mqbic.com/PublicTally.php?id2=MzA0NA==
39205-1-1,Skop Trader S. A.,Mesas Y Sillas De Pl...,TCNB2507800,KOCU-492522-1,29-10-2025,68.00,13458.30,ANEX-A1,http://dassaweb.mqbic.com/PublicTally.php?id2=MzAxOA==
39166-1-1,Juliana Sa,Textil,NGP2732970,GESU-646776-4,28-10-2025,68.00,16847.00,ANEX-A1,http://dassaweb.mqbic.com/PublicTally.php?id2=Mjk5MA==
39147-1-1,Chelatex Sas,Telas,GILNB250900312,MRSU-534301-4,27-10-2025,68.00,16200.00,CTNNAC,http://dassaweb.mqbic.com/PublicTally.php?id2=Mjk4Nw==
39102-1-1,Jupam Sa,Textil Fabrics,OOLU2161436390,TCNU-669452-1,24-10-2025,70.00,24065.00,CTNNAC,http://dassaweb.mqbic.com/PublicTally.php?id2=Mjk1NQ==
38811-1-1,Jupam Sa,Textil Fabric,NGP2684954,TLLU-414853-8,10-10-2025,68.00,15600.00,CTNNAC,http://dassaweb.mqbic.com/PublicTally.php?id2=MjgzMA==
38774-1-1,Juliana Sa,Telas,OOLU2161501820,CSNU-640635-8,09-10-2025,68.00,19545.00,CTNNAC,
38773-1-1,Novelty Trend Srl,Rollos,TWLE25080023,EGSU-963635-0,09-10-2025,68.00,23614.00,CTNNAC,
38779-1-1,Chelatex Sas,Telas,NBOE25016545,MSMU-430512-8,09-10-2025,68.00,22610.00,CTNNAC,http://dassaweb.mqbic.com/PublicTally.php?id2=MjgwMg==
38640-1-1,Jupam Sa,Telas,OOLU2161129700,TGBU-968263-2,03-10-2025,68.00,18177.00,CTNNAC,http://dassaweb.mqbic.com/PublicTally.php?id2=MjczMQ==
38641-1-1,Jupam Sa,Telas,OOLU2161129870,CSNU-665628-0,03-10-2025,70.00,18710.00,CTNNAC,http://dassaweb.mqbic.com/PublicTally.php?id2=MjczMA==
38644-1-1,Impulso Jm S.A.,Mochilas,TCNB2507645,OERU-432109-7,03-10-2025,50.00,7939.50,IA8,http://dassaweb.mqbic.com/PublicTally.php?id2=MjczOQ==
38493-1-1,Fedtex S.R.L,Textil Fabrics,TWLE25070207,EMCU-877109-0,24-09-2025,70.00,25320.00,IB5,http://dassaweb.mqbic.com/PublicTally.php?id2=MjY2NQ==
38481-1-1,Grupo In 360 S.A.,Telas,HDE25-0800052,EISU-829329-2,24-09-2025,68.00,20517.60,CTNNAC,http://dassaweb.mqbic.com/PublicTally.php?id2=MjY2OQ==
38387-1-1,Jupam Sa,Telas,MEDUOP807326,MSNU-673412-5,19-09-2025,68.00,26400.00,CTNNAC,http://dassaweb.mqbic.com/PublicTally.php?id2=MjYyOA==
38325-1-1,Jupam Sa,Textil Fabrics,TWLE25070182,JXLU-618880-5,17-09-2025,68.00,19578.00,CTNNAC,http://dassaweb.mqbic.com/PublicTally.php?id2=MjU5Mw==
38303-1-1,Bulldog Solutions S....,Textile,HDE25-0800018,TCNU-240738-8,16-09-2025,70.00,16410.00,CTNNAC,http://dassaweb.mqbic.com/PublicTally.php?id2=MjU4Mg==
38042-1-1,Fedtex S.R.L,Telas,TWLE25060076,OOCU-902366-7,05-09-2025,55.05,17170.89,IA8,http://dassaweb.mqbic.com/PublicTally.php?id2=MjQ2OA==
37894-2-1,Grupo Harley S.A.,Motorcycle Tire,Z209GZH2505007,FCIU-813928-7,29-08-2025,70.00,15360.00,NV1,http://dassaweb.mqbic.com/PublicTally.php?id2=MjQxMg==
37894-1-1,Grupo Harley S.A.,Motortcycle Tire,Z209GZH2505007,TGBU-925320-0,29-08-2025,298.85,11240.00,NV1,http://dassaweb.mqbic.com/PublicTally.php?id2=MjQxMQ==
37107-1-1,Talwin Transport Ser...,Santo Tome  Vehicle ...,HLCUBSC2506AXZL0,TCLU-428516-8,23-07-2025,10.00,1415.00,NV5,http://dassaweb.mqbic.com/PublicTally.php?id2=MjIwNQ==
37107-2-1,Talwin Transport Ser...,Santo Tome / Ford Mu...,HLCUBSC2506AXZL0,TCLU-428516-8,23-07-2025,10.00,1508.00,NV5,http://dassaweb.mqbic.com/PublicTally.php?id2=MjIwNQ==
36670-1-1,Verde Fuerte Srl,Fertilizantes,SEA30/2505-0044A,MRKU-056983-4,08-07-2025,4.38,2252.20,NV1,http://dassaweb.mqbic.com/PublicTally.php?id2=MjEzMw==
35690-1-1,Verde Fuerte Srl,Fertilizantes,SEA30/2504-0086A,MRKU-109464-6,28-05-2025,43.20,23296.00,NV1,http://dassaweb.mqbic.com/PublicTally.php?id2=MTg5OQ==
32938-1-1,Corona Insumos Srl,Iron Jeans Button,GSZBUE24101914,KOCU-428583-9,13-01-2025,5.37,4279.00,NV1,http://dassaweb.mqbic.com/PublicTally.php?id2=MTIwOA==
32838-1-1,Novelty Trend Srl,Telas,TWLE24100081,KOCU-434678-6,08-01-2025,30.25,10557.59,NV5,http://dassaweb.mqbic.com/PublicTally.php?id2=MTE2Nw==
32501-1-1,Daniel Berant,Botones Y Cierres,GSZBUE24100624,MSMU-809267-4,16-12-2024,6.91,2914.65,NV1,http://dassaweb.mqbic.com/PublicTally.php?id2=MTA0Ng==
31283-1-1,Mercovan Argentina S...,Mudanza - Moncho Jav...,HLCUBSC2408AROF0,TEMU-140086-1,14-10-2024,29.00,3175.00,NV2,http://dassaweb.mqbic.com/PublicTally.php?id2=NzQ0
30826-2-1,Thl International Sr...,Can-Am Maverick Xrs ...,243136094,SUDU-692672-3,17-09-2024,20.00,3120.00,PA-A,http://dassaweb.mqbic.com/PublicTally.php?id2=NjY4
30414-0-1,Ba Comex S.A,Equipos De Filtracio...,UY368724143,,26-08-2024,31.00,4532.00,NV1,
25629-1-1,Novelty Trend Srl,Textil,SZX23070039,PCIU-109339-5,01-09-2023,8.01,3082.12,RZ-1B,
22656-1-1,Houghton Argentina S...,Steel Drums,00697804,TRHU-267893-2,27-12-2022,15.00,7951.00,CTNNAC,
22385-1-1,Houghton Argentina S...,Prod. Ind Petrolera,00697792,TRHU-136691-9,30-11-2022,25.00,14376.00,CTNNAC,
42631-0-1,Fag Sistems S.A.,Back Over Speaker Ca...,-,,21-04-2021,2.00,100.00,RZ-1A,
42630-0-1,Fag Sistems S.A.,Back Oven Speaker Ca...,-,,21-04-2021,12.00,1000.00,RZ-1A,
13308-2-1,Fag Sistems S.A.,Cartones,GSZENA20070636A,EITU-139403-1,20-10-2020,5.05,747.03,MC-1,
6221-1-1,Patane Pablo Agustin,Leisure Chair,TCNB1805308,CCLU-764139-5,13-07-2018,17.15,1338.12,N1-11,
6204-1-1,Patane Pablo Agustin,Sillas,TCSZ1805223B,DFSU-678963-0,06-07-2018,48.02,1964.00,N1-11,
6164-1-1,Patane Pablo Agustin,Sillas,TCSZ1805223A,FSCU-859212-1,06-07-2018,15.63,691.20,N1-11,
6067-1-1,Ribeiro S.A.C.I.F.A....,Notebook,HBL6814058,HLXU-336012-6,26-06-2018,5.00,4764.00,N1-21,
5603-1-1,Dassa - Client A La ...,Electrobombas,FS1710006,SEGU-114044-9,17-04-2018,13.74,7365.96,RZ-1B,
5411-1-1,Leave It S.A.,Textile,SHE180105015,FCIU-988340-0,04-04-2018,54.25,18780.82,CTNNAC,
5015-3-1,Zimmermann Ernesto,Ernesto Zimmermann/ ...,COSU4006908970,DFSU-737166-6,20-02-2018,3.00,190.00,NAVEEXTERIOR,
5015-1-1,Zimmermann Ernesto,Ernesto Zimmermann/ ...,COSU4006908970,DFSU-737166-6,20-02-2018,40.00,8340.00,N1-11,
3784-1-1,Lift Van Int. Co S.A,Efectos Personales/ ...,HLCUCHI170922111Q,CDU-578248-00,17-10-2017,0.16,13.79,NV1,
3513-1-1,Metalurgica Calviño ...,Machinery,EXPSEA000140817,UACU-441335-5,19-09-2017,45.00,15760.00,NAVEEXTERIOR,
3222-1-1,Ram Sur S.A.,Decorative And Homew...,ANRM57670A23E007,CADU-703172-7,17-08-2017,68.00,17410.00,RZ-1A,
2776-1-1,Lift Van Int. Co S.A,Efectos Personales/D...,-,APZU-362447-9,05-07-2017,30.00,1250.00,RZ-1B,
1026-1-1,Lift Van Int. Co S.A,Efectos Personales,HLCUATL161052088,HLXU-318709-4,01-12-2016,0.32,17.85,NV1,
8380-0-1,Lift Van Int. Co S.A,Efectos Pers. Msc Lu...,-,BMOU-497335-4,25-10-2016,3.00,200.00,RZ-1A,
