Operacion,Cliente,Desc,Conocimiento,Contenedor,Ingreso,Tipo,T-TD,Ubicacion,e-tally
45061-0-1,Dpmg S.A.,Refrigerant Gas R 12...,-,EXFU-522978-8,01-10-2026,IS,T,PLZA,
45062-0-1,Aspee Monee,Q.D.C.: Beauty Or Ma...,-,SZLU-954862-0,01-10-2026,HC,T,PLZA,
45060-0-1,Lift Van Int. Co S.A,Qdc Motor Cars And O...,-,TCLU-209573-9,01-10-2026,DR,TD,PLZA,
45068-0-1,Lift Van Int. Co S.A,Qdc Household Goods ...,-,CAAU-780872-5,01-10-2026,HC,TD,PLZA,
45065-0-1,Lift Van Int. Co S.A,Qdc Consolidated Car...,-,HLBU-396840-1,01-10-2026,DR,TD,PLZA,
45064-0-1,Lift Van Int. Co S.A,Qdc Consolidated Car...,-,CAAU-669202-9,01-10-2026,HC,TD,PLZA,
45066-0-1,Edelweiss Spedition ...,Qdc Worn Clothing An...,-,MSBU-175550-8,01-10-2026,DR,TD,PLZA,
45067-0-1,Dpmg S.A.,Refrigerant Gas R 12...,-,DCIU-552516-0,01-10-2026,IS,T,PLZA,
45041-0-1,Dardo Gonzalez,Vehicle 2014 Subaru ...,-,CMAU-075578-4,30-09-2026,DR,TD,PLZA,
45039-0-1,Noah Servicess.R.L.,Q.D.C. Carga Consoli...,-,MRSU-655850-5,30-09-2026,DR,TD,PLZA,
45040-0-1,Lift Van Int. Co S.A,Qdc Consolidated Car...,-,TGHU-519492-4,30-09-2026,DR,TD,PLZA,
45002-0-1,Noah Servicess.R.L.,Q.D.C. Carga Consoli...,-,MRSU-530258-7,29-09-2026,DR,TD,PLZA,
45003-0-1,Noah Servicess.R.L.,Q.D.C. Carga Consoli...,-,MRKU-369881-4,29-09-2026,DR,TD,PLZA,
45035-0-1,Refractarios Argenti...,Q.D.C Refractory Mat...,-,MEDU-573325-6,29-09-2026,DR,TD,PLZA,
44952-0-1,Caddell Construction...,Qdc Consolidated Car...,HLUSAN2260505254,CAIU-450584-1,24-09-2026,HC,T,PLZA,
44950-0-1,Caddell Construction...,Qdc Consolidated Car...,HLUSAN2260609505,HAMU-312846-9,24-09-2026,HC,T,PLZA,
44893-0-1,Dpmg S.A.,Q.D.C. Imo2.2-Un3220...,-,ZHLU-200949-0,23-09-2026,DC,T,PLZA,
44837-0-1,Foralia Sa,Cotton Plain Sheet S...,-,MSMU-841135-0,21-09-2026,HC,T,PLZA,
44833-0-1,Dpmg S.A.,Genetron R134A Iso T...,-,NRSU-010133-8,21-09-2026,NO,T,PLZA,
44774-0-1,Dpmg S.A.,Refrigerant Gas R 12...,-,DCIU-542234-7,17-09-2026,DC,T,PLZA,
44452-0-10,It Brokers S.A.,Qdc Consolidated Car...,HDMUSZPM38804900,KOCU-469712-1,02-09-2026,HC,-,PLZA,
44452-0-9,It Brokers S.A.,Qdc Consolidated Car...,HDMUSZPM38804900,KOCU-445674-1,02-09-2026,HC,-,PLZA,
44452-0-6,It Brokers S.A.,Qdc Consolidated Car...,HDMUSZPM38804900,HMMU-459937-1,02-09-2026,HC,-,PLZA,
44452-0-2,It Brokers S.A.,Qdc Consolidated Car...,HDMUSZPM38804900,HMMU-455448-5,02-09-2026,HC,-,PLZA,
44452-0-8,It Brokers S.A.,Qdc Consolidated Car...,HDMUSZPM38804900,HMMU-459848-3,02-09-2026,HC,-,PLZA,
44452-0-7,It Brokers S.A.,Qdc Consolidated Car...,HDMUSZPM38804900,HMMU-459811-7,02-09-2026,HC,-,PLZA,
44451-0-2,It Brokers S.A.,Qdc Consolidated Car...,-,HMMU-476584-7,02-09-2026,HC,-,PLZA,
44451-0-1,It Brokers S.A.,Qdc Consolidated Car...,-,CAIU-990291-8,02-09-2026,HC,-,PLZA,
44452-0-4,It Brokers S.A.,Qdc Consolidated Car...,HDMUSZPM38804900,HMMU-459744-5,02-09-2026,HC,-,PLZA,
44452-0-5,It Brokers S.A.,Qdc Consolidated Car...,HDMUSZPM38804900,HMMU-459720-8,02-09-2026,HC,-,PLZA,
44452-0-3,It Brokers S.A.,Qdc Consolidated Car...,HDMUSZPM38804900,HMMU-460537-1,02-09-2026,HC,-,PLZA,
44452-0-1,It Brokers S.A.,Qdc Consolidated Car...,HDMUSZPM38804900,CAIU-720375-8,02-09-2026,HC,-,PLZA,
44269-0-1,Dpmg S.A.,Refrigerant Gas R134...,-,SEGU-810033-0,25-08-2026,DC,-,PLZA,
43847-0-1,Leave It S.A.,Vacio,: 0,FCIU-988340-0,04-08-2026,HC,-,TEMPO,
43645-0-1,Dpmg S.A.,Halogenated Derivati...,-,TIFU-525561-0,22-07-2026,is,-,PLZA,
43368-0-1,Enriquez Maximiliano...,Donacion Libros,-,NIDU-235392-3,06-07-2026,DR,-,PLZA,
43369-0-1,Lift Van Int. Co S.A,Mudanza,-,UETU-272143-5,06-07-2026,DR,-,PLZA,
43373-0-1,Edelweiss Spedition ...,Mudanza,-,UACU-852489-2,06-07-2026,HC,-,PLZA,
43113-0-1,Dpmg S.A.,Refrigerant Gas,-,ZHLU-202165-0,17-06-2026,is,-,PLZA,
41411-0-3,Eramine Sudamerica S...,Plastic Pallets,-,MRSU-783401-7,20-02-2026,HC,-,PLZA,http://dassaweb.mqbic.com/PublicTally.php?id2=Mzk2Mw==
41345-0-1,Domatel S. R. L.,Q.D.C Clothers,-,CAJU-502286-2,13-02-2026,HC,-,PLZA,
41357-0-1,Vc Textil Srl,Textile,-,MRSU-703968-0,13-02-2026,HC,-,PLZA,
41340-0-1,Noah Servicess.R.L.,Q.D.C,-,MRKU-561713-3,12-02-2026,HC,-,PLZA,
41256-0-1,Bisora Group Sa,Textile Fabrics,-,MSMU-853067-8,10-02-2026,HC,-,PLZA,http://dassaweb.mqbic.com/PublicTally.php?id2=MzkxNA==
41244-0-1,A La Orden,Personal Efects,-,HAMU-477120-6,09-02-2026,HC,-,PLZA,
41062-0-1,Corona Insumos Srl,Elastic Tape Polyest...,-,SEGU-519885-5,02-02-2026,HC,-,PLZA,http://dassaweb.mqbic.com/PublicTally.php?id2=Mzg4MQ==
40469-0-4,Minera Del Mojotoro ...,Machinery,-,MAEU-418378-2,26-12-2025,HC,-,PLZA,http://dassaweb.mqbic.com/PublicTally.php?id2=MzYwMQ==
40471-0-1,Shipy S.A.,Earphones,-,EMCU-158007-1,26-12-2025,HC,-,PLZA,http://dassaweb.mqbic.com/PublicTally.php?id2=MzYxOQ==
40469-0-5,Minera Del Mojotoro ...,Machinery,-,MAEU-421660-7,26-12-2025,HC,-,PLZA,http://dassaweb.mqbic.com/PublicTally.php?id2=MzYwMg==
40469-0-1,Minera Del Mojotoro ...,Machinery,-,MAEU-408723-8,26-12-2025,HC,-,PLZA,http://dassaweb.mqbic.com/PublicTally.php?id2=MzU5OA==
40469-0-2,Minera Del Mojotoro ...,Machinery,-,MAEU-417185-8,26-12-2025,HC,-,PLZA,http://dassaweb.mqbic.com/PublicTally.php?id2=MzU5OQ==
40469-0-3,Minera Del Mojotoro ...,Machinery,-,MAEU-417857-5,26-12-2025,HC,-,PLZA,http://dassaweb.mqbic.com/PublicTally.php?id2=MzYwMA==
40368-0-1,Jupam Sa,Telas,-,EGHU-979981-6,19-12-2025,HC,-,PLZA,http://dassaweb.mqbic.com/PublicTally.php?id2=MzU1Mw==
40369-0-1,Jupam Sa,Telas,-,EITU-912745-3,19-12-2025,HC,-,PLZA,http://dassaweb.mqbic.com/PublicTally.php?id2=MzU1NA==
39383-0-1,Skop Trader S. A.,Foldin Chair,-,KOCU-403777-1,07-11-2025,HC,-,PLZA,
39277-0-1,Skop Trader S. A.,Rectangle Fold In Ha...,-,HMMU-658375-4,03-11-2025,HC,-,PLZA,
39247-0-1,Skop Trader S. A.,Tectangle,-,HMMU-659616-0,31-10-2025,HC,-,PLZA,
38626-0-1,Mercovan Argentina S...,Mudanza,-,MSKU-020688-8,02-10-2025,HC,-,PLZA,http://dassaweb.mqbic.com/PublicTally.php?id2=MjcyNA==
36994-0-1,Lift Van Int. Co S.A,Efectos,-,TCLU-359747-5,18-07-2025,DC,-,PLZA,http://dassaweb.mqbic.com/PublicTally.php?id2=MjE4MQ==
36936-0-1,Berkma S.A.,.Mercaderia Denuncia...,-,EITU-123028-0,17-07-2025,,-,PLZA,
36383-0-1,Lift Van Int. Co S.A,Mudanza,ONEYRICFU2271500,TCLU-343728-7,26-06-2025,DC,-,PLZA,
36251-0-1,Bisora Group Sa,Garment,-,EGHU-945537-0,19-06-2025,HC,-,PLZA,http://dassaweb.mqbic.com/PublicTally.php?id2=MjAzNg==
19009-1-1,Algodonera Aconcagua...,Prod. Snaitarios,CL145707791,,10-02-2022,NO,-,TEMPO,
7696-0-1,La Selena S.A.,Qdc Textiles,-,FSCU-814752-7,20-02-2019,HC,-,PLZA,
7668-0-1,La Selena S.A.,Qdc Textiles Fabric,-,ZCSU-849301-1,19-02-2019,HC,-,PLZA,
5015-2-1,Zimmermann Ernesto,Ernesto Zimmermann/ ...,COSU4006908970,DFSU-737166-6,20-02-2018,HC,-,PLZA,
778-0-1,Leport Logistica Int...,Carga General,-,MSCU-921317-4,22-03-2016,,-,PLZA,
