Company,Total Saldo,Total Neto,Total Importe
Comex,"$2.712.820,00","$2.242.000,00","$2.712.820,00"
Liftvan,"$297.476.535,14","$45.619.301,47","$55.199.354,86"
Mercovan,"$100.401.792,25","$8.202.104,15","$9.924.546,03"
Lawter,"$13.833.131,40","$14.760.940,00","$17.860.737,40"
RSM,"$0,00","$0,00","$0,00"
Simpa,"$24.346.294,57","$8.538.542,00","$10.331.635,82"
Global Rover,"$1.878.404,00","$1.767.000,00","$2.138.070,00"
Global Comex,"$0,00","$1.768.838,00","$2.140.293,98"
Henn,"$0,00","$0,00","$0,00"
