Contenedor,Cliente,Entrega,Vto. Vacio,Tipo,Peso,Cantidad,Envase,Estado,Chofer
TGHU-519492-4,Lift Van Int. Co S.A,-,30/12,DR,3516.00,0.0,-,En Espera,
CMAU-075578-4,Dardo Gonzalez,-,30/12,DR,1981.00,0.0,-,En Espera,
MRSU-655850-5,Noah Servicess.R.L.,-,30/12,DR,3938.00,0.0,-,En Espera,
MEDU-573325-6,Refractarios Argenti...,-,30/12,DR,22880.00,14.0,Pallets,Vacio,
MSMU-159774-6,Refractarios Argenti...,-,30/12,DR,23597.00,15.0,Pallets,Vacio,
HLBU-401432-6,Refractarios Argenti...,-,30/12,DR,18509.00,0.0,-,En Espera,
HAMU-110154-0,Refractarios Argenti...,-,30/12,DR,18509.00,0.0,-,En Espera,
HLBU-380636-0,Refractarios Argenti...,-,30/12,DR,18508.00,0.0,-,En Espera,
KOCU-403777-1,Skop Trader S. A.,-,10/01,HC,11024.30,1567.0,Bultos,Vacio,
HMMU-658375-4,Skop Trader S. A.,-,10/01,HC,14544.00,1440.0,Bultos,Vacio,
HMMU-659616-0,Skop Trader S. A.,-,10/01,HC,14432.90,1429.0,Bultos,Vacio,
UACU-848772-0,Lift Van Int. Co S.A,Exolgan,02/10,DR,4422.00,225.0,Bultos,Pte. Desc.,
BMOU-148045-7,Lift Van Int. Co S.A,Exolgan,13/10,DR,2658.05,141.0,Bultos,Pte. Desc.,
MRKU-369881-4,Noah Servicess.R.L.,Maersk Arg.,13/10,DR,3085.00,28.0,Bultos,Pte. Desc.,
MRSU-530258-7,Noah Servicess.R.L.,Maersk Arg.,13/10,DR,3434.00,3.0,Bultos,Pte. Desc.,
ONEU-200825-0,Lift Van Int. Co S.A,Exolgan,15/10,DR,1642.00,95.0,Bultos,Pte. Desc.,
